soft_name,milvus_count,neo4j_count,difference,is_consistent,node_type
Arachni_arachni,4179,4179,0,一致,CodeSoftware
keepwn_Altman,1481,1481,0,一致,CodeSoftware
lanjelot_patator,4,4,0,一致,CodeSoftware
blog.talosintelligence.com_e6f0e9ad.txt,12,12,0,一致,ArticleDocument
m8r0wn_nullinux,1,1,0,一致,CodeSoftware
mrexodia_haxxmap,35,35,0,一致,CodeSoftware
mudongliang_LinuxFlaw,583,583,0,一致,CodeSoftware
blog.trendmicro.com_0e0f39f5.txt,12,12,0,一致,ArticleDocument
n0tr00t_Sreg,39,39,0,一致,CodeSoftware
neoneggplant_EggShell,242,242,0,一致,CodeSoftware
nmap_ncrack,3039,3039,0,一致,CodeSoftware
pasahitz_regsvr32,3,3,0,一致,CodeSoftware
docs.microsoft.com_991f3006.txt,23,23,0,一致,ArticleDocument
quentinhardy_odat,6,6,0,一致,CodeSoftware
quickbreach_smbetray,1,1,0,一致,CodeSoftware
rebeyond_memShell,100,100,0,一致,CodeSoftware
redcanaryco_atomic-red-team,801,801,0,一致,CodeSoftware
ring04h_wydomain,1,1,0,一致,CodeSoftware
riusksk_FlashScanner,12,12,0,一致,CodeSoftware
sam-b_CVE-2014-4113,21,21,0,一致,CodeSoftware
scipag_vulscan,3,3,0,一致,CodeSoftware
scu-igroup_ssh-scanner,1,1,0,一致,CodeSoftware
secforce_sparta,15,15,0,一致,CodeSoftware
sevagas_macro_pack,20,20,0,一致,CodeSoftware
redcanary.com_d1004d9f.txt,31,31,0,一致,ArticleDocument
stanleyb0y_sushell,13,13,0,一致,CodeSoftware
tiagorlampert_CHAOS,971,971,0,一致,CodeSoftware
tokyoneon_Armor,7,7,0,一致,CodeSoftware
toniblyx_my-arsenal-of-aws-security-tools,2,2,0,一致,CodeSoftware
wpscanteam_wpscan,1897,1897,0,一致,CodeSoftware
ytisf_PyExfil,380,380,0,一致,CodeSoftware
zt2_sqli-hunter,8,8,0,一致,CodeSoftware
securingtomorrow.mcafee.com_05bf3021.txt,43,43,0,一致,ArticleDocument
Moham3dRiahi_XAttacker,62,62,0,一致,CodeSoftware
域渗透之外网打点到三层内网.docx,74,74,0,一致,ArticleDocument
Mr-Un1k0d3r_DKMC,2,2,0,一致,CodeSoftware
MrSqar-Ye_wpCrack,7,7,0,一致,CodeSoftware
Ne0nd0g_merlin,1364,1364,0,一致,CodeSoftware
Nhoya_gOSINT,144,144,0,一致,CodeSoftware
NickstaDB_BaRMIe,615,615,0,一致,CodeSoftware
NullArray_AutoSploit,8,8,0,一致,CodeSoftware
Nyr_openvpn-install,12,12,0,一致,CodeSoftware
NytroRST_NetRipper,331,331,0,一致,CodeSoftware
OJ_gobuster,493,493,0,一致,CodeSoftware
OmerYa_Invisi-Shell,120,120,0,一致,CodeSoftware
P3GLEG_WhaleTail,47,47,0,一致,CodeSoftware
PinkP4nther_Sutekh,13,13,0,一致,CodeSoftware
PortSwigger_turbo-intruder,162,162,0,一致,CodeSoftware
PowerShellEmpire_PowerTools,209,209,0,一致,CodeSoftware
PowerShellMafia_PowerSploit,214,214,0,一致,CodeSoftware
RASSec_A_Scan_Framework,10287,10287,0,一致,CodeSoftware
RASSec_pentestEr_Fully-automatic-scanner,4,4,0,一致,CodeSoftware
Raikia_CredNinja,37,37,0,一致,CodeSoftware
RetireJS_grunt-retire,59,59,0,一致,CodeSoftware
RhinoSecurityLabs_pacu,600,600,0,一致,CodeSoftware
Ridter_Pentest,1137,1137,0,一致,CodeSoftware
mozilla_cipherscan,22,22,0,一致,CodeSoftware
mozilla_ssh_scan,234,234,0,一致,CodeSoftware
n00py_ReadingList,3,3,0,一致,CodeSoftware
n0tr00t_Beebeeto-framework,16,16,0,一致,CodeSoftware
Ice3man543_hawkeye,41,41,0,一致,CodeSoftware
Screetsec_Dracnmap,136,136,0,一致,CodeSoftware
Ice3man543_subfinder,673,673,0,一致,CodeSoftware
Screetsec_Vegile,3,3,0,一致,CodeSoftware
SecWiki_linux-kernel-exploits,665,665,0,一致,CodeSoftware
InfamousSYN_rogue,238,238,0,一致,CodeSoftware
在家闲的没事琢磨色网站的我.docx,20,20,0,一致,ArticleDocument
SecWiki_windows-kernel-exploits,2082,2082,0,一致,CodeSoftware
JGillam_burp-co2,683,683,0,一致,CodeSoftware
JonCooperWorks_judas,52,52,0,一致,CodeSoftware
n1nj4sec_pupy,4838,4838,0,一致,CodeSoftware
Juntalis_win32-bat2exe,33,33,0,一致,CodeSoftware
JusticeRage_freedomfighting,2,2,0,一致,CodeSoftware
Skycrab_leakScan,847,847,0,一致,CodeSoftware
KINGSABRI_sqlmap-tamper-api,7,7,0,一致,CodeSoftware
SkypLabs_probequest,18,18,0,一致,CodeSoftware
Arno0x_DNSExfiltrator,42,42,0,一致,CodeSoftware
Kkevsterrr_backdoorme,2387,2387,0,一致,CodeSoftware
Ben0xA_nps,6,6,0,一致,CodeSoftware
SpiderClub_haipproxy,43,43,0,一致,CodeSoftware
BlackHole1_WebRtcXSS,1719,1719,0,一致,CodeSoftware
SpiderLabs_social_mapper,1,1,0,一致,CodeSoftware
St0rn_Windows-10-Exploit,5,5,0,一致,CodeSoftware
TestingPens_MalwarePersistenceScripts,1,1,0,一致,CodeSoftware
TheM4hd1_PenCrawLer,471,471,0,一致,CodeSoftware
nahamsec_lazyrecon,18,18,0,一致,CodeSoftware
LionSec_xerosploit,171,171,0,一致,CodeSoftware
TheM4hd1_Vayne-RaT,233,233,0,一致,CodeSoftware
TophantTechnology_osprey,1,1,0,一致,CodeSoftware
nanshihui_Scan-T,9974,9974,0,一致,CodeSoftware
naozibuhao_SecQuanCknife,602,602,0,一致,CodeSoftware
nccgroup_BurpSuiteHTTPSmuggler,574,574,0,一致,CodeSoftware
nccgroup_freddy,560,560,0,一致,CodeSoftware
nccgroup_redsnarf,19,19,0,一致,CodeSoftware
netxfly_crack_ssh,27,27,0,一致,CodeSoftware
nil0x42_phpsploit,464,464,0,一致,CodeSoftware
nilotpalbiswas_Auto-Root-Exploit,15,15,0,一致,CodeSoftware
nmulasmajic_syscall_exploit_CVE-2018-8897,51,51,0,一致,CodeSoftware
nospaceships_raw-socket-sniffer,4,4,0,一致,CodeSoftware
numpy_numpy,6367,6367,0,一致,CodeSoftware
BlackHole1_autoFindXssAndCsrf,145,145,0,一致,CodeSoftware
Bo0oM_PHP_imap_open_exploit,1,1,0,一致,CodeSoftware
BuffaloWill_oxml_xxe,2966,2966,0,一致,CodeSoftware
ohpe_juicy-potato,86,86,0,一致,CodeSoftware
opensec-cn_kunpeng,541,541,0,一致,CodeSoftware
p3nt4_PowerShdll,62,62,0,一致,CodeSoftware
panda-re_lava,576,576,0,一致,CodeSoftware
pasahitz_zirikatu,6,6,0,一致,CodeSoftware
petercunha_Jenkins-PreAuth-RCE-PoC,3,3,0,一致,CodeSoftware
peterpt_fuzzbunch,4913,4913,0,一致,CodeSoftware
proxycannon_proxycannon-ng,4,4,0,一致,CodeSoftware
quarkslab_quarkspwdump,477,477,0,一致,CodeSoftware
quasar_QuasarRAT,2188,2188,0,一致,CodeSoftware
quentinhardy_jndiat,157,157,0,一致,CodeSoftware
quericy_one-key-ikev2-vpn,10,10,0,一致,CodeSoftware
r00t-3xp10it_FakeImageExploiter,13,13,0,一致,CodeSoftware
r00t-3xp10it_Meterpreter_Paranoid_Mode-SSL,14,14,0,一致,CodeSoftware
r00t-3xp10it_backdoorppt,5,5,0,一致,CodeSoftware
r00t-3xp10it_trojanizer,8,8,0,一致,CodeSoftware
rastating_wordpress-exploit-framework,739,739,0,一致,CodeSoftware
raz-varren_xsshell,128,128,0,一致,CodeSoftware
rbsec_sslscan,201,201,0,一致,CodeSoftware
ring04h_weakfilescan,637,637,0,一致,CodeSoftware
ring04h_wyportmap,2062,2062,0,一致,CodeSoftware
0v3rl0w_e013,1,1,0,一致,CodeSoftware
0x09AL_Browser-C2,42,42,0,一致,CodeSoftware
riusksk_StrutScan,5,5,0,一致,CodeSoftware
robertdavidgraham_masscan,1653,1653,0,一致,CodeSoftware
rootm0s_WinPwnage,66,66,0,一致,CodeSoftware
rsmudge_armitage,1267,1267,0,一致,CodeSoftware
www.mcafee.com_cf214fed.txt,13,13,0,一致,ArticleDocument
rsmudge_cortana-scripts,383,383,0,一致,CodeSoftware
0x09AL_raven,56,56,0,一致,CodeSoftware
rvrsh3ll_Misc-Powershell-Scripts,298,298,0,一致,CodeSoftware
ryhanson_ExternalC2,197,197,0,一致,CodeSoftware
s3inlc_hashtopolis,7292,7292,0,一致,CodeSoftware
0xInfection_TIDoS-Framework,102,102,0,一致,CodeSoftware
CERTCC_keyfinder,30,30,0,一致,CodeSoftware
CHYbeta_cmsPoc,10,10,0,一致,CodeSoftware
Ccapton_brook-web,676,676,0,一致,CodeSoftware
s4n7h0_Halcyon,441,441,0,一致,CodeSoftware
sa7mon_S3Scanner,271,271,0,一致,CodeSoftware
samhaxr_hackbox,1465,1465,0,一致,CodeSoftware
M4cs_BabySploit,6158,6158,0,一致,CodeSoftware
Chora10_Cknife,537,537,0,一致,CodeSoftware
Manisso_fsociety,3,3,0,一致,CodeSoftware
Marten4n6_EvilOSX,137,137,0,一致,CodeSoftware
huntergregal_mimipenguin,21,21,0,一致,CodeSoftware
blog.talosintelligence.com_d118fa18.txt,19,19,0,一致,ArticleDocument
iagox86_dnscat2,723,723,0,一致,CodeSoftware
ilmila_J2EEScan,596,596,0,一致,CodeSoftware
inconshreveable_ngrok,733,733,0,一致,CodeSoftware
infobyte_evilgrade,474,474,0,一致,CodeSoftware
interference-security_empire-web,206,206,0,一致,CodeSoftware
ionescu007_r0ak,41,41,0,一致,CodeSoftware
irsdl_IIS-ShortName-Scanner,168,168,0,一致,CodeSoftware
islamTaha12_Python-Rootkit,16,16,0,一致,CodeSoftware
ToyoDAdoubi_doubi,269,269,0,一致,CodeSoftware
jagracey_Regex-DoS,12,12,0,一致,CodeSoftware
0xbadjuju_Tokenvator,398,398,0,一致,CodeSoftware
jakubroztocil_httpie,9,9,0,一致,CodeSoftware
Tuhinshubhra_RED_HAWK,39,39,0,一致,CodeSoftware
jas502n_CVE-2018-17182,49,49,0,一致,CodeSoftware
TunisianEagles_SocialBox,3,3,0,一致,CodeSoftware
jas502n_CVE-2018-3191,1,1,0,一致,CodeSoftware
Ullaakut_nmap,305,305,0,一致,CodeSoftware
ChrisAD_ads-payload,1,1,0,一致,CodeSoftware
aircrack-ng_aircrack-ng,2999,2999,0,一致,CodeSoftware
UltimateHackers_nano,2,2,0,一致,CodeSoftware
VKSRC_Github-Monitor,1253,1253,0,一致,CodeSoftware
jboss-javassist_javassist,7939,7939,0,一致,CodeSoftware
Viralmaniar_Powershell-RAT,3,3,0,一致,CodeSoftware
WazeHell_PE-Linux,25,25,0,一致,CodeSoftware
WhitewidowScanner_whitewidow,4514,4514,0,一致,CodeSoftware
jeffzh3ng_Fuxi-Scanner,1323,1323,0,一致,CodeSoftware
WindowsExploits_Exploits,119,119,0,一致,CodeSoftware
WooYun_TangScan,622,622,0,一致,CodeSoftware
jesuiscamille_AutoSQLi,1,1,0,一致,CodeSoftware
jgamblin_Mirai-Source-Code,417,417,0,一致,CodeSoftware
Xyntax_DirBrute,638,638,0,一致,CodeSoftware
jmk-foofus_medusa,880,880,0,一致,CodeSoftware
Yelp_detect-secrets,149,149,0,一致,CodeSoftware
Zer0Mem0ry_RunPE,5,5,0,一致,CodeSoftware
samratashok_nishang,52,52,0,一致,CodeSoftware
jofpin_trape,214,214,0,一致,CodeSoftware
savio-code_fern-wifi-cracker,191,191,0,一致,CodeSoftware
johnnyxmas_scancannon,5,5,0,一致,CodeSoftware
jtpereyda_boofuzz,25,25,0,一致,CodeSoftware
kgretzky_evilginx,4,4,0,一致,CodeSoftware
scriptjunkie_msfgui,919,919,0,一致,CodeSoftware
secdec_adapt,4,4,0,一致,CodeSoftware
secdev_scapy,4990,4990,0,一致,CodeSoftware
kgretzky_evilginx2,30134,30134,0,一致,CodeSoftware
alienwithin_OWASP-mth3l3m3nt-framework,2301,2301,0,一致,CodeSoftware
seclab-ucr_tcp_exploit,313,313,0,一致,CodeSoftware
0xbug_Hawkeye,22,22,0,一致,CodeSoftware
secretsquirrel_the-backdoor-factory,261,261,0,一致,CodeSoftware
sensepost_mana,301,301,0,一致,CodeSoftware
0xbug_SQLiScanner,48,48,0,一致,CodeSoftware
sensepost_ruler,818,818,0,一致,CodeSoftware
sfan5_fi6s,265,265,0,一致,CodeSoftware
0xdea_tactical-exploitation,7,7,0,一致,CodeSoftware
0xsauby_yasuo,16,16,0,一致,CodeSoftware
13o-bbr-bbq_machine_learning_security,7,7,0,一致,CodeSoftware
1N3_PRISM-AP,1,1,0,一致,CodeSoftware
1N3_XSSTracer,1,1,0,一致,CodeSoftware
4w4k3_Insanity-Framework,1,1,0,一致,CodeSoftware
Acceis_leakScraper,131,131,0,一致,CodeSoftware
shack2_SuperSQLInjectionV1,1658,1658,0,一致,CodeSoftware
alpha1ab_CVE-2018-8120,24,24,0,一致,CodeSoftware
alpha1e0_pentestdb,91,91,0,一致,CodeSoftware
anestisb_WeBaCoo,23,23,0,一致,CodeSoftware
awslabs_git-secrets,1,1,0,一致,CodeSoftware
b374k_b374k,166,166,0,一致,CodeSoftware
knownsec_Pocsuite,688,688,0,一致,CodeSoftware
koenbuyens_kalirouter,2,2,0,一致,CodeSoftware
lavalamp-_ipv666,889,889,0,一致,CodeSoftware
bannedbook_fanqiang,2804,2804,0,一致,CodeSoftware
lcatro_network_backdoor_scanner,228,228,0,一致,CodeSoftware
leechristensen_UnmanagedPowerShell,93,93,0,一致,CodeSoftware
shadowsocks_shadowsocks-manager,4426,4426,0,一致,CodeSoftware
lfzark_cookie-injecting-tools,101,101,0,一致,CodeSoftware
lgandx_Responder,5554,5554,0,一致,CodeSoftware
AhMyth_AhMyth-Android-RAT,255,255,0,一致,CodeSoftware
shinnok_johnny,305,305,0,一致,CodeSoftware
shizzz477_msploitego,267,267,0,一致,CodeSoftware
shramos_polymorph,132,132,0,一致,CodeSoftware
securelist.com_bcca074e.txt,12,12,0,一致,ArticleDocument
smicallef_spiderfoot,41,41,0,一致,CodeSoftware
lionsoul2014_ip2region,654,654,0,一致,CodeSoftware
ls0f_gortcp,109,109,0,一致,CodeSoftware
sqlmapproject_sqlmap,1000,1000,0,一致,CodeSoftware
m0nad_HellRaiser,44,44,0,一致,CodeSoftware
m101_hsploit,35,35,0,一致,CodeSoftware
malcomvetter_UnstoppableService,10,10,0,一致,CodeSoftware
stephenfewer_ReflectiveDLLInjection,50,50,0,一致,CodeSoftware
sullo_nikto,2,2,0,一致,CodeSoftware
malwaredllc_byob,11394,11394,0,一致,CodeSoftware
summitt_Burp-Non-HTTP-Extension,639,639,0,一致,CodeSoftware
superhuahua_xunfengES,4332,4332,0,一致,CodeSoftware
sweetsoftware_Ares,20,20,0,一致,CodeSoftware
swisskyrepo_DamnWebScanner,9,9,0,一致,CodeSoftware
t6x_reaver-wps-fork-t6x,2185,2185,0,一致,CodeSoftware
bdutro_ibm_pw_clear,1,1,0,一致,CodeSoftware
bettercap_bettercap,5019,5019,0,一致,CodeSoftware
maxchehab_CSS-Keylogging,4,4,0,一致,CodeSoftware
tanjiti_FingerPrint,2,2,0,一致,CodeSoftware
mdsecactivebreach_CACTUSTORCH,22,22,0,一致,CodeSoftware
mdsecactivebreach_SharpPack,14,14,0,一致,CodeSoftware
target_strelka,1003,1003,0,一致,CodeSoftware
mdsecactivebreach_SharpShooter,47,47,0,一致,CodeSoftware
medbenali_CyberScan,27,27,0,一致,CodeSoftware
michenriksen_aquatone,344,344,0,一致,CodeSoftware
teddysun_across,103,103,0,一致,CodeSoftware
ConsenSys_mythril-classic,140,140,0,一致,CodeSoftware
Ahref-Group_SS-Panel-smarty-Edition,2257,2257,0,一致,CodeSoftware
CoreSecurity_impacket,4516,4516,0,一致,CodeSoftware
mitmproxy_mitmproxy,11064,11064,0,一致,CodeSoftware
D35m0nd142_Kadabra,37,37,0,一致,CodeSoftware
teddysun_shadowsocks_install,48,48,0,一致,CodeSoftware
国内首本CTF赛事技术解析书籍五年之约兑现了文末赠书.docx,7,7,0,一致,ArticleDocument
theInfectedDrake_TIDoS-Framework,102,102,0,一致,CodeSoftware
D4Vinci_One-Lin3r,170,170,0,一致,CodeSoftware
DXkite_freebuf-stream-shell,5,5,0,一致,CodeSoftware
thehappydinoa_iOSRestrictionBruteForce,2318,2318,0,一致,CodeSoftware
DamonMohammadbagher_FakeFileMaker,4,4,0,一致,CodeSoftware
DavexPro_PocHunter,4306,4306,0,一致,CodeSoftware
thewhiteh4t_seeker,21,21,0,一致,CodeSoftware
thinkst_canarytokens,487,487,0,一致,CodeSoftware
thom-s_docx-embeddedhtml-injection,1,1,0,一致,CodeSoftware
threatexpress_metatwin,4,4,0,一致,CodeSoftware
tlkh_prowler,6,6,0,一致,CodeSoftware
mitre_caldera,2104,2104,0,一致,CodeSoftware
torque59_Nosql-Exploitation-Framework,1,1,0,一致,CodeSoftware
trimstray_sandmap,1,1,0,一致,CodeSoftware
Dionach_PhEmail,6,6,0,一致,CodeSoftware
trustedsec_trevorc2,91,91,0,一致,CodeSoftware
Ebryx_AES-Killer,80,80,0,一致,CodeSoftware
EgeBalci_HERCULES,83,83,0,一致,CodeSoftware
trustedsec_unicorn,4,4,0,一致,CodeSoftware
ElevenPaths_Eternalblue-Doublepulsar-Metasploit,4,4,0,一致,CodeSoftware
EmpireProject_Empire-GUI,376,376,0,一致,CodeSoftware
twelvesec_passcat,710,710,0,一致,CodeSoftware
txthinking_brook,439,439,0,一致,CodeSoftware
EmpireProject_Empire,2408,2408,0,一致,CodeSoftware
tyranid_DotNetToJScript,43,43,0,一致,CodeSoftware
tywali_Bat2ExeConverter,41,41,0,一致,CodeSoftware
ufrisk_MemProcFS,7038,7038,0,一致,CodeSoftware
FireFart_dirtycow,13,13,0,一致,CodeSoftware
FortyNorthSecurity_EyeWitness,53,53,0,一致,CodeSoftware
FuzzySecurity_PowerShell-Suite,337,337,0,一致,CodeSoftware
GhostPack_Rubeus,1855,1855,0,一致,CodeSoftware
unamer_CVE-2018-8120,21,21,0,一致,CodeSoftware
unamer_vmware_escape,125,125,0,一致,CodeSoftware
userlandkernel_plataoplomo,12,12,0,一致,CodeSoftware
v3n0m-Scanner_V3n0M-Scanner,89,89,0,一致,CodeSoftware
vaguileradiaz_tinfoleak,391,391,0,一致,CodeSoftware
GreatSCT_GreatSCT,278,278,0,一致,CodeSoftware
HA71_WhatCMS,14,14,0,一致,CodeSoftware
vanhauser-thc_thc-hydra,1329,1329,0,一致,CodeSoftware
cSploit_android,2239,2239,0,一致,CodeSoftware
viraintel_OWASP-Nettacker,1351,1351,0,一致,CodeSoftware
vletoux_SpoolerScanner,25,25,0,一致,CodeSoftware
coffeehb_Some-PoC-oR-ExP,942,942,0,一致,CodeSoftware
wagiro_BurpBounty,1153,1153,0,一致,CodeSoftware
commixproject_commix,77,77,0,一致,CodeSoftware
wangshub_hmpa-pi,1,1,0,一致,CodeSoftware
cr0hn_dockerscan,10,10,0,一致,CodeSoftware
wifiphisher_wifiphisher,467,467,0,一致,CodeSoftware
creditease-sec_insight,5312,5312,0,一致,CodeSoftware
bhdresh_SocialEngineeringPayloads,185,185,0,一致,CodeSoftware
blackye_lalascan,2199,2199,0,一致,CodeSoftware
curi0usJack_luckystrike,5,5,0,一致,CodeSoftware
danielbohannon_Invoke-DOSfuscation,14,14,0,一致,CodeSoftware
danielbohannon_Invoke-Obfuscation,318,318,0,一致,CodeSoftware
davrodpin_mole,295,295,0,一致,CodeSoftware
dcsync_pycobalt,1,1,0,一致,CodeSoftware
blog.talosintelligence.com_cee1ea24.txt,19,19,0,一致,ArticleDocument
dermotblair_webvulscan,3125,3125,0,一致,CodeSoftware
derv82_wifite2,1,1,0,一致,CodeSoftware
dotcppfile_DAws,476,476,0,一致,CodeSoftware
wireshark_wireshark,66854,66854,0,一致,CodeSoftware
dxa4481_truffleHog,9975,9975,0,一致,CodeSoftware
breenmachine_RottenPotatoNG,109,109,0,一致,CodeSoftware
brianwrf_hackUtils,2,2,0,一致,CodeSoftware
bsmali4_xssfork,634,634,0,一致,CodeSoftware
bugcrowd_HUNT,57,57,0,一致,CodeSoftware
byt3bl33d3r_CrackMapExec,7,7,0,一致,CodeSoftware
byt3bl33d3r_DeathStar,22,22,0,一致,CodeSoftware
can1357_CVE-2018-8897,34,34,0,一致,CodeSoftware
cea-sec_ivre,2389,2389,0,一致,CodeSoftware
e-ago_bitcracker,374,374,0,一致,CodeSoftware
eladshamir_Internal-Monologue,79,79,0,一致,CodeSoftware
entropy1337_infernal-twin,34,34,0,一致,CodeSoftware
epinna_tplmap,24,24,0,一致,CodeSoftware
epinna_weevely3,46,46,0,一致,CodeSoftware
erevus-cn_pocscan,3063,3063,0,一致,CodeSoftware
www.microsoft.com_3f33bed3.txt,16,16,0,一致,ArticleDocument
www.microsoft.com_52b5c5a8.txt,20,20,0,一致,ArticleDocument
securelist.com_97a9ac2b.txt,62,62,0,一致,ArticleDocument
www.microsoft.com_7f9e0b79.txt,18,18,0,一致,ArticleDocument
www.microsoft.com_a323081e.txt,39,39,0,一致,ArticleDocument
www.microsoft.com_de2900a4.txt,9,9,0,一致,ArticleDocument
www.microsoft.com_e14de0ab.txt,52,52,0,一致,ArticleDocument
blog.google_56f7edab.txt,7,7,0,一致,ArticleDocument
skelsec_pypykatz,2670,2670,0,一致,CodeSoftware
lietdai_doom,1222,1222,0,一致,CodeSoftware
asert.arbornetworks.com_f1de2b79.txt,7,7,0,一致,ArticleDocument
blog.aquasec.com_7d920929.txt,9,9,0,一致,ArticleDocument
第3篇银行Java站SSRFquot组合洞quot打法造成的严重危害.docx,13,13,0,一致,ArticleDocument
blog.talosintelligence.com_a71b8848.txt,13,13,0,一致,ArticleDocument
第15篇内网横向中windows各端口远程登录哈希传递的方法总结.docx,19,19,0,一致,ArticleDocument
2023年12月Microsoft补丁日漏洞.docx,4,4,0,一致,ArticleDocument
arcticwolf.com_43924067.txt,7,7,0,一致,ArticleDocument
arstechnica.com_f4e768d2.txt,3,3,0,一致,ArticleDocument
blog.alyac.co.kr_1ae461d4.txt,4,4,0,一致,ArticleDocument
blog.bushidotoken.net_c6b732f8.txt,10,10,0,一致,ArticleDocument
blog.certfa.com_288006da.txt,13,13,0,一致,ArticleDocument
blog.google_11499308.txt,7,7,0,一致,ArticleDocument
blog.google_1817fe4a.txt,4,4,0,一致,ArticleDocument
blog.google_4074e0e7.txt,7,7,0,一致,ArticleDocument
blog.google_6483f31f.txt,6,6,0,一致,ArticleDocument
blog.google_d1158096.txt,9,9,0,一致,ArticleDocument
blog.google_f007d17b.txt,6,6,0,一致,ArticleDocument
blog.google_f53001d4.txt,6,6,0,一致,ArticleDocument
blog.lumen.com_130f3136.txt,16,16,0,一致,ArticleDocument
blog.lumen.com_f334df04.txt,26,26,0,一致,ArticleDocument
blog.malwarebytes.com_072bd1e4.txt,650,650,0,一致,ArticleDocument
euphrat1ca_hatchet,567,567,0,一致,CodeSoftware
euphrat1ca_yeezy-scan,1013,1013,0,一致,CodeSoftware
blog.malwarebytes.com_2dd0168b.txt,9,9,0,一致,ArticleDocument
blog.malwarebytes.com_b9eb8fbb.txt,10,10,0,一致,ArticleDocument
blog.malwarebytes.com_eaf6f0f8.txt,11,11,0,一致,ArticleDocument
evilcos_cookiehacker,3,3,0,一致,CodeSoftware
blog.morphisec.com_9e92ffd2.txt,7,7,0,一致,ArticleDocument
blog.morphisec.com_e82e6eb4.txt,5,5,0,一致,ArticleDocument
blog.qualys.com_f4f1ba89.txt,6,6,0,一致,ArticleDocument
blog.scilabs.mx_17b5ccfc.txt,9,9,0,一致,ArticleDocument
blog.sygnia.co_382b5448.txt,13,13,0,一致,ArticleDocument
evilcos_xssor2,486,486,0,一致,CodeSoftware
blog.talosintelligence.com_15c7215b.txt,28,28,0,一致,ArticleDocument
blog.talosintelligence.com_400fe147.txt,13,13,0,一致,ArticleDocument
blog.talosintelligence.com_456f12ac.txt,23,23,0,一致,ArticleDocument
blog.talosintelligence.com_501dbf12.txt,27,27,0,一致,ArticleDocument
blog.talosintelligence.com_6e747d5d.txt,11,11,0,一致,ArticleDocument
blog.talosintelligence.com_7995fd38.txt,30,30,0,一致,ArticleDocument
blog.talosintelligence.com_79fbd117.txt,7,7,0,一致,ArticleDocument
evilsocket_dnssearch,9,9,0,一致,CodeSoftware
blog.talosintelligence.com_87149b96.txt,9,9,0,一致,ArticleDocument
blog.talosintelligence.com_95574c6d.txt,29,29,0,一致,ArticleDocument
famavott_osint-scraper,1,1,0,一致,CodeSoftware
blog.talosintelligence.com_96bff9fe.txt,7,7,0,一致,ArticleDocument
blog.talosintelligence.com_a449b654.txt,25,25,0,一致,ArticleDocument
blog.trendmicro.com_2a78bbbc.txt,10,10,0,一致,ArticleDocument
blog.trendmicro.com_9b0cc3c7.txt,6,6,0,一致,ArticleDocument
blog.trendmicro.com_9b71c3df.txt,1,1,0,一致,ArticleDocument
blog.trendmicro.com_a4282195.txt,8,8,0,一致,ArticleDocument
blog.trendmicro.com_b1550300.txt,7,7,0,一致,ArticleDocument
blog.trendmicro.com_dd398dbf.txt,16,16,0,一致,ArticleDocument
blog.trendmicro.com_e4162582.txt,8,8,0,一致,ArticleDocument
blog.trendmicro.com_f2a2adbd.txt,17,17,0,一致,ArticleDocument
blogs.blackberry.com_47398b7c.txt,29,29,0,一致,ArticleDocument
blogs.cisco.com_2ff0d92e.txt,5,5,0,一致,ArticleDocument
blogs.forcepoint.com_30fbe23e.txt,5,5,0,一致,ArticleDocument
blogs.microsoft.com_44be8444.txt,3,3,0,一致,ArticleDocument
blogs.microsoft.com_eb236cc6.txt,7,7,0,一致,ArticleDocument
businessinsights.bitdefender.com_383981a4.txt,7,7,0,一致,ArticleDocument
carnal0wnage.attackresearch.com_b98bf8a2.txt,3,3,0,一致,ArticleDocument
cert.gov.ua_345ed315.txt,3,3,0,一致,ArticleDocument
citizenlab.ca_0b205ae1.txt,30,30,0,一致,ArticleDocument
citizenlab.ca_5b7dd6ec.txt,34,34,0,一致,ArticleDocument
fatedier_frp,9054,9054,0,一致,CodeSoftware
citizenlab.ca_852e169f.txt,49,49,0,一致,ArticleDocument
citizenlab.org_dfb2f507.txt,46,46,0,一致,ArticleDocument
cloud.google.com_c41f785d.txt,12,12,0,一致,ArticleDocument
cloud.google.com_f4a5622c.txt,21,21,0,一致,ArticleDocument
cloud.google.com_f7f14c3d.txt,19,19,0,一致,ArticleDocument
cloud.google.com_fb4bfc59.txt,27,27,0,一致,ArticleDocument
cloudblogs.microsoft.com_c2158f40.txt,27,27,0,一致,ArticleDocument
crowdstrike.lookbookhq.com_e05cc141.txt,22,22,0,一致,ArticleDocument
dragos.com_3d9f4d1d.txt,15,15,0,一致,ArticleDocument
fsiceat.tistory.com_179972f9.txt,1,1,0,一致,ArticleDocument
github.com_0f82338d.txt,11,11,0,一致,ArticleDocument
github.com_231c12c8.txt,21,21,0,一致,ArticleDocument
github.com_79769a8d.txt,16,16,0,一致,ArticleDocument
github.com_8082eb4c.txt,12,12,0,一致,ArticleDocument
github.com_a4572b84.txt,11,11,0,一致,ArticleDocument
go.group-ib.com_9bccba9d.txt,1,1,0,一致,ArticleDocument
insight-jp.nttsecurity.com_89b54c5d.txt,6,6,0,一致,ArticleDocument
lab52.io_bf295187.txt,11,11,0,一致,ArticleDocument
labs.sentinelone.com_2cc5df5b.txt,8,8,0,一致,ArticleDocument
media.defense.gov_1923eb30.txt,12,12,0,一致,ArticleDocument
media.defense.gov_1ce28d80.txt,32,32,0,一致,ArticleDocument
media.defense.gov_476e3f46.txt,6,6,0,一致,ArticleDocument
media.defense.gov_746d8328.txt,6,6,0,一致,ArticleDocument
media.defense.gov_b647c802.txt,5,5,0,一致,ArticleDocument
medium.com_b8f472bf.txt,23,23,0,一致,ArticleDocument
msrc-blog.microsoft.com_07f1f90b.txt,13,13,0,一致,ArticleDocument
msrc-blog.microsoft.com_4ebe679b.txt,14,14,0,一致,ArticleDocument
msrc-blog.microsoft.com_7beac359.txt,8,8,0,一致,ArticleDocument
msrc-blog.microsoft.com_be8e74dd.txt,1,1,0,一致,ArticleDocument
msrc.microsoft.com_501b6942.txt,2,2,0,一致,ArticleDocument
netzpolitik.org_89148268.txt,15,15,0,一致,ArticleDocument
news.sophos.com_5b600a93.txt,10,10,0,一致,ArticleDocument
objective-see.com_e3090de6.txt,12,12,0,一致,ArticleDocument
orangematter.solarwinds.com_dd062d9d.txt,8,8,0,一致,ArticleDocument
pan-unit42.github.io_42360617.txt,1,1,0,一致,ArticleDocument
pan-unit42.github.io_5367ffbc.txt,1,1,0,一致,ArticleDocument
query.prod.cms.rt.microsoft.com_100ec571.txt,1,1,0,一致,ArticleDocument
reaqta.com_0d850dcd.txt,7,7,0,一致,ArticleDocument
redcanary.com_221eee29.txt,11,11,0,一致,ArticleDocument
research.checkpoint.com_467e02af.txt,14,14,0,一致,ArticleDocument
research.checkpoint.com_5d6c024e.txt,23,23,0,一致,ArticleDocument
research.checkpoint.com_8f6b579c.txt,10,10,0,一致,ArticleDocument
research.checkpoint.com_b16feaae.txt,19,19,0,一致,ArticleDocument
research.checkpoint.com_b7c16623.txt,42,42,0,一致,ArticleDocument
research.checkpoint.com_c21843ce.txt,15,15,0,一致,ArticleDocument
research.checkpoint.com_d921b741.txt,19,19,0,一致,ArticleDocument
research.checkpoint.com_e5bc2c9d.txt,16,16,0,一致,ArticleDocument
research.nccgroup.com_43ef4a39.txt,8,8,0,一致,ArticleDocument
research.nccgroup.com_5a85141d.txt,9,9,0,一致,ArticleDocument
research.nccgroup.com_e122aebe.txt,4,4,0,一致,ArticleDocument
research.nccgroup.com_f2a23637.txt,12,12,0,一致,ArticleDocument
researchcenter.paloaltonetworks.com_00bd36dd.txt,58,58,0,一致,ArticleDocument
researchcenter.paloaltonetworks.com_031f283c.txt,58,58,0,一致,ArticleDocument
researchcenter.paloaltonetworks.com_03d50023.txt,60,60,0,一致,ArticleDocument
researchcenter.paloaltonetworks.com_07525b9b.txt,21,21,0,一致,ArticleDocument
researchcenter.paloaltonetworks.com_1a57c639.txt,47,47,0,一致,ArticleDocument
researchcenter.paloaltonetworks.com_22ed76ec.txt,55,55,0,一致,ArticleDocument
securelist.com_bd831432.txt,69,69,0,一致,ArticleDocument
chaitin_cloudwalker,152,152,0,一致,CodeSoftware
chrisk44_Hijacker,843,843,0,一致,CodeSoftware
fbkcs_thunderdns,12,12,0,一致,CodeSoftware
fengxuangit_Fox-scan,104,104,0,一致,CodeSoftware
fireeye_PwnAuth,769,769,0,一致,CodeSoftware
chuhades_CMS-Exploit-Framework,867,867,0,一致,CodeSoftware
fireeye_gocrack,863,863,0,一致,CodeSoftware
chuhades_dnsbrute,38,38,0,一致,CodeSoftware
cldrn_nmap-nse-scripts,418,418,0,一致,CodeSoftware
firesunCN_BlueLotus_XSSReceiver,1593,1593,0,一致,CodeSoftware
flipkart-incubator_watchdog,1102,1102,0,一致,CodeSoftware
fnmsd_awvs_script_decode,42,42,0,一致,CodeSoftware
foxglovesec_Potato,2818,2818,0,一致,CodeSoftware
cldrn_rainmap-lite,103,103,0,一致,CodeSoftware
cloudtracer_paskto,37,37,0,一致,CodeSoftware
clr2of8_DPAT,1,1,0,一致,CodeSoftware
Ekultek_Zeus-Scanner,6,6,0,一致,CodeSoftware
Hood3dRob1n_SQLMAP-Web-GUI,133,133,0,一致,CodeSoftware
frohoff_ysoserial,511,511,0,一致,CodeSoftware
Jamalc0m_wphunter,12,12,0,一致,CodeSoftware
Kevin-Robertson_Inveigh,710,710,0,一致,CodeSoftware
gh0stkey_PoCBox,686,686,0,一致,CodeSoftware
gophish_gophish,2960,2960,0,一致,CodeSoftware
guyingbo_shadowproxy,118,118,0,一致,CodeSoftware
gyoisamurai_GyoiThon,3,3,0,一致,CodeSoftware
hacksysteam_WpadEscape,7,7,0,一致,CodeSoftware
hahwul_a2sv,1,1,0,一致,CodeSoftware
harleyQu1nn_AggressorScripts,10,10,0,一致,CodeSoftware
Callidus,130,130,0,一致,CodeSoftware
M4cs_BlackEye-Python,4244,4244,0,一致,CodeSoftware
securelist.com_bd6c4d21.txt,16,16,0,一致,ArticleDocument
hashcat_hashcat,27456,27456,0,一致,CodeSoftware
hatRiot_clusterd,485,485,0,一致,CodeSoftware
hfiref0x_UACME,997,997,0,一致,CodeSoftware
xdnice_PCShare,2302,2302,0,一致,CodeSoftware
xorrior_RemoteRecon,403,403,0,一致,CodeSoftware
xuanhuan_ss-panel,2422,2422,0,一致,CodeSoftware
yangbh_Hammer,3793,3793,0,一致,CodeSoftware
ysrc_GourdScanV2,827,827,0,一致,CodeSoftware
Mr-Un1k0d3r_ThunderShell,464,464,0,一致,CodeSoftware
ysrc_xunfeng,413,413,0,一致,CodeSoftware
zMarch_Orc,24,24,0,一致,CodeSoftware
zerbea_hcxdumptool,383,383,0,一致,CodeSoftware
zhangzhenfeng_AnyScan,6232,6232,0,一致,CodeSoftware
NetSPI_PowerUpSQL,196,196,0,一致,CodeSoftware
Netflix_repokid,30,30,0,一致,CodeSoftware
NullArray_DorkNet,1,1,0,一致,CodeSoftware
OpenWireSec_metasploit,27485,27485,0,一致,CodeSoftware
zhaoweiho_SecurityManageFramwork,1261,1261,0,一致,CodeSoftware
zmap_zgrab,21865,21865,0,一致,CodeSoftware
zmap_zmap,757,757,0,一致,CodeSoftware
zricethezav_gitleaks,678,678,0,一致,CodeSoftware
securelist.com_b33ba2cc.txt,22,22,0,一致,ArticleDocument
securelist.com_d3f72a39.txt,63,63,0,一致,ArticleDocument
researchcenter.paloaltonetworks.com_41908ebe.txt,20,20,0,一致,ArticleDocument
securelist.com_d45a5ff0.txt,66,66,0,一致,ArticleDocument
securelist.com_dc3cd4db.txt,22,22,0,一致,ArticleDocument
securelist.com_ea241313.txt,62,62,0,一致,ArticleDocument
securelist.com_f0ee3953.txt,62,62,0,一致,ArticleDocument
securelist.com_ff174eca.txt,21,21,0,一致,ArticleDocument
securelist.com_fff621bd.txt,60,60,0,一致,ArticleDocument
securingtomorrow.mcafee.com_694662de.txt,43,43,0,一致,ArticleDocument
securingtomorrow.mcafee.com_89549112.txt,43,43,0,一致,ArticleDocument
securityintelligence.com_1b4d2602.txt,10,10,0,一致,ArticleDocument
securityaffairs.co_94192a97.txt,5,5,0,一致,ArticleDocument
securityaffairs.co_b4350c20.txt,3,3,0,一致,ArticleDocument
securityaffairs.co_ca91d306.txt,3,3,0,一致,ArticleDocument
securityintelligence.com_b6f58561.txt,12,12,0,一致,ArticleDocument
securityintelligence.com_3df76667.txt,12,12,0,一致,ArticleDocument
securityintelligence.com_45d3a9ee.txt,20,20,0,一致,ArticleDocument
securityintelligence.com_5c6663ca.txt,14,14,0,一致,ArticleDocument
socradar.io_4a43275b.txt,28,28,0,一致,ArticleDocument
预授权 SQL 注入至 RCE - Fortinet FortiWeb Fabric 连接器 (CVE-2025-25257).pdf,20,20,0,一致,ArticleDocument
APT37（RoKRAT） Shellcode 和隐写威胁：分析和 EDR 响应策略.pdf,26,26,0,一致,ArticleDocument
Akira 勒索软件滥用 CPU 调优工具禁用 Microsoft Defender.pdf,5,5,0,一致,ArticleDocument
Apache 揭秘：Tomcat 的部分 PUT 和 Camel 的 Header Hijack.pdf,13,13,0,一致,ArticleDocument
Bluenoroff（APT38）实时基础设施追踪.pdf,16,16,0,一致,ArticleDocument
CVE-2025-1729 - 使用 TPQMAssistant.exe 进行权限提升.pdf,7,7,0,一致,ArticleDocument
CVE-2025-32433：Erlang_OTP SSH 服务器中的预授权 RCE.pdf,4,4,0,一致,ArticleDocument
CVE-2025-38001：Linux HFSC Eltree 释放后使用漏洞 - Debian 12 PoC.pdf,3,3,0,一致,ArticleDocument
CVE-2025-4664：利用 Chrome 0day 漏洞泄露会话令牌.pdf,9,9,0,一致,ArticleDocument
CVE-2025-47934 – 欺骗 OpenPGP.js 签名验证.pdf,9,9,0,一致,ArticleDocument
CVE-2025-48384该漏洞是由于 Git 配置文件中的读_写处理不一致引起的，这会导致验证的路径与实际的写入路径不同.pdf,6,6,0,一致,ArticleDocument
CVE-2025-48799 的 PoC，是 Windows 更新服务中的特权提升漏洞.pdf,3,3,0,一致,ArticleDocument
CVE-2025-49113——Roundcube 远程代码执行.pdf,4,4,0,一致,ArticleDocument
CVE-2025-49127：由于 Kafbat UI 中的不安全反序列化导致的远程代码执行.pdf,3,3,0,一致,ArticleDocument
CVE-2025-53367：DjVuLibre 中可利用的越界写入漏洞.pdf,5,5,0,一致,ArticleDocument
CVE-2025-55188：7-Zip 解压时存在任意文件写入漏洞，可能导致代码执行.pdf,4,4,0,一致,ArticleDocument
CVE-2025-6759：Citrix Virtual Apps and Desktops 中的本地权限提升.pdf,5,5,0,一致,ArticleDocument
CentOS Web 面板中的远程代码执行 - CVE-2025-48703.pdf,11,11,0,一致,ArticleDocument
Chrome 零日漏洞 CVE-2025-6554 遭主动攻击 — Google 发布安全更新.pdf,2,2,0,一致,ArticleDocument
Cloudflare 称 1.1.1.1 中断并非由攻击或 BGP 劫持引起.pdf,6,6,0,一致,ArticleDocument
CrushFTP 漏洞 CVE-2025-54309 远程代码执行漏洞解释 + PoC.pdf,3,3,0,一致,ArticleDocument
Erlang_OTP SSH 中的未经身份验证的远程代码执行.pdf,3,3,0,一致,ArticleDocument
FortiWeb 身份验证绕过漏洞（CVE-2025-52970）.pdf,5,5,0,一致,ArticleDocument
FoxyWallet：曝光 40 多个恶意 Firefox 扩展程序.pdf,5,5,0,一致,ArticleDocument
Github Copilot 通过提示注入漏洞实现远程代码执行 CVE-2025-53773.pdf,7,7,0,一致,ArticleDocument
Google 发布了 Chrome 紧急更新，修复了其 V8 引擎中两个高混淆漏洞.pdf,3,3,0,一致,ArticleDocument
Jenkins 任意文件读取(CVE-2024-23897)+后台用户密码提取哈希破解+反弹Shell 一条龙.pdf,33,33,0,一致,ArticleDocument
Microsoft Brokering File System Windows 11 22H2 权限提升漏洞.pdf,4,4,0,一致,ArticleDocument
Netskope威胁实验室发现近期银狐攻击针对中文用户的恶意攻击活动.pdf,16,16,0,一致,ArticleDocument
PHP 已修补两个漏洞：CVE-2025-1735、CVE-2025-6491.pdf,3,3,0,一致,ArticleDocument
Snake键盘记录器在地缘政治中的应用：网络犯罪活动中对可信Java实用程序的滥用.pdf,9,9,0,一致,ArticleDocument
TeamViewer 远程管理漏洞 (CVE-2025-36537) 可导致权限提升.pdf,3,3,0,一致,ArticleDocument
UAT-6382 利用 Cityworks 零日漏洞传播恶意软件.pdf,10,10,0,一致,ArticleDocument
UNC2891 银行入侵案：ATM 后门与 Linux 取证规避.pdf,8,8,0,一致,ArticleDocument
WinRAR 零日漏洞 CVE-2025-8088 被利用传播 RomCom 恶意软件.pdf,3,3,0,一致,ArticleDocument
Windows 快捷方式 (LNK) 恶意软件策略.pdf,42,42,0,一致,ArticleDocument
ZigStrike Shellcode 加载器，提供多种注入技术和反沙盒功能.pdf,2,2,0,一致,ArticleDocument
[研究] MIPS 中的漏洞利用基础（英文）.pdf,13,13,0,一致,ArticleDocument
macOS 上的 Clickfix：AppleScript 恶意软件活动利用终端提示窃取数据.pdf,5,5,0,一致,ArticleDocument
mcp-remote 中存在严重 RCE 漏洞：CVE-2025-6514，威胁 LLM 客户端.pdf,14,14,0,一致,ArticleDocument
代理软件恶意软件正在 YouTube 视频下载网站上传播.pdf,9,9,0,一致,ArticleDocument
你的浏览器现在是你的敌人：向你的本地服务器提供 PHP RCE.pdf,9,9,0,一致,ArticleDocument
使用 Intune 证书将 AD CS 攻击面扩展到云端.pdf,18,18,0,一致,ArticleDocument
使用 MeshAgent 和 SuperShell 攻击韩国 Web 服务器的案例.pdf,9,9,0,一致,ArticleDocument
使用 NTLM 反射进行 Pwning 反射.pdf,9,9,0,一致,ArticleDocument
使用内存中的 PIC Shellcode 加载器进行直接系统调用.pdf,27,27,0,一致,ArticleDocument
关于如何创建你自己的武器化 WSL 文件的一个小指南.pdf,2,2,0,一致,ArticleDocument
减一统治一切：AsIO3.sys 驱动程序利用.pdf,32,32,0,一致,ArticleDocument
利用 DLL PEB 模块结构操作的代码执行_注入技术.pdf,7,7,0,一致,ArticleDocument
利用程序入口点进行进程注入.pdf,16,16,0,一致,ArticleDocument
劫持 TypeLib 新的 COM 持久性技术.pdf,21,21,0,一致,ArticleDocument
区块幽灵：以太坊共识漏洞.pdf,10,10,0,一致,ArticleDocument
大华 IP 摄像机存在严重缓冲区溢出漏洞，导致设备遭受 RCE 攻击.pdf,3,3,0,一致,ArticleDocument
如何在 Django 应用程序中链接目录遍历和 CSV 解析器滥用以进行 RCE.pdf,4,4,0,一致,ArticleDocument
威胁行为者利用 CVE-2025-3248 传播 Flodrix 僵尸网络.pdf,5,5,0,一致,ArticleDocument
小心你的AI！使用Replit AI来屏蔽你的C2流量.pdf,20,20,0,一致,ArticleDocument
幻影持久性 - 通过 RegisterApplicationRestart 快速了解 Windows 持久性.pdf,8,8,0,一致,ArticleDocument
开箱即用：NTLM 将低权限 HTTP 身份验证中继到 LDAP.pdf,14,14,0,一致,ArticleDocument
当 SSRF 足够时：Windows Docker Desktop 上的完全 Docker 逃逸（CVE-2025-9074）.pdf,4,4,0,一致,ArticleDocument
2025年6月与7月网络威胁大揭秘：全球的攻击者们都在忙啥？.pdf,3,3,0,一致,ArticleDocument
CDN攻击指南.pdf,11,11,0,一致,ArticleDocument
我们走错路了！如何在 Windows 中滥用符号链接获取本地权限提升 (LPE).pdf,21,21,0,一致,ArticleDocument
我如何通过 NGINX Off-By-Slash 配置错误获得远程代码执行.pdf,6,6,0,一致,ArticleDocument
探索“search-ms” URI 协议漏洞：深入分析复杂网络攻击.pdf,5,5,0,一致,ArticleDocument
揭秘 SVG 威胁：黑客如何利用矢量图形进行网络钓鱼攻击.pdf,8,8,0,一致,ArticleDocument
揭秘 Tor 启用的 Docker 漏洞.pdf,15,15,0,一致,ArticleDocument
攻击者通过滥用暴露的 Java 调试线协议 (JDWP) 接口实现远程代码执行，部署挖矿.pdf,10,10,0,一致,ArticleDocument
攻破 NVIDIA Triton：CVE-2025-23319 - 可导致 AI 服务器接管的漏洞链.pdf,5,5,0,一致,ArticleDocument
新的 FileFix 攻击可运行 JScript 并绕过 Windows MoTW 警报.pdf,4,4,0,一致,ArticleDocument
曝光并分析 ERMAC V3.0 银行木马完整源代码泄露.pdf,25,25,0,一致,ArticleDocument
横向移动 – BitLocker.pdf,36,36,0,一致,ArticleDocument
海康威视 applyCT 漏洞 CVE-2025-34067：通过 Fastjson 进行未经身份验证的 RCE.pdf,4,4,0,一致,ArticleDocument
深圳艾特米M300 Wi-Fi扩展器（型号MT02）上的 Root 权限时 – 第 2 部分.pdf,8,8,0,一致,ArticleDocument
渗透测试技巧：利用 Windows 长文件名，眼不见，心不烦.pdf,8,8,0,一致,ArticleDocument
漏洞公告：Sudo Host 选项权限提升.pdf,9,9,0,一致,ArticleDocument
漏洞分析 - ampa.sys 驱动程序 - 权限提升漏洞.pdf,19,19,0,一致,ArticleDocument
漏洞爆料！微软SharePoint又被高手秒杀，Pwn2Own单招就破防！.pdf,5,5,0,一致,ArticleDocument
研究人员在数十个 Docker Hub 镜像中发现 XZ Utils 后门，加剧供应链风险.pdf,5,5,0,一致,ArticleDocument
破坏的驱动因素：如何使用合法驱动程序来关闭 AV 进程.pdf,23,23,0,一致,ArticleDocument
立即更新 WinRAR 工具：RomCom 和其他组织正在利用零日漏洞.pdf,13,13,0,一致,ArticleDocument
简单利用 Wing FTP 服务器 RCE (CVE-2025-47812) 漏洞，运行命令并获取反向 shell.pdf,3,3,0,一致,ArticleDocument
箭在弦上：滥用默认机器加入域权限攻击 AWS Managed Active Directory.pdf,18,18,0,一致,ArticleDocument
红队行动中如何滥用 Chrome 远程桌面：实用指南.pdf,10,10,0,一致,ArticleDocument
线程池定时器进程注入.pdf,6,6,0,一致,ArticleDocument
绕过 Ubuntu 非特权命名空间限制的历程.pdf,21,21,0,一致,ArticleDocument
自动对 WSUS 进行 MITM 攻击.pdf,4,4,0,一致,ArticleDocument
超棒的 Active Directory 渗透测试工具.pdf,4,4,0,一致,ArticleDocument
跨内核漏洞追踪：macOS 和 FreeBSD 中的 SMB 漏洞.pdf,4,4,0,一致,ArticleDocument
通过 Bitlocker DCOM 接口和 COM 劫持进行横向移动.pdf,5,5,0,一致,ArticleDocument
通过带有 chroot 选项的 sudo 二进制文件将权限提升至 root CVE-2025-32463.pdf,4,4,0,一致,ArticleDocument
通过符号链接进行Windows进程命令行欺骗.pdf,9,9,0,一致,ArticleDocument
通过语音命名管道 COM 和 ISpeechNamedPipe + COM 劫持以登录用户身份进行横向移动.pdf,4,4,0,一致,ArticleDocument
针对 SharePoint 攻击（CVE-2025-53770 和 CVE-2025-53771）的主动安全洞察.pdf,8,8,0,一致,ArticleDocument
隐藏火药桶：Chrome的AppBound Cookie加密.pdf,11,11,0,一致,ArticleDocument
零点击，一个 NTLM：Microsoft 安全补丁绕过（CVE-2025-50154）.pdf,13,13,0,一致,ArticleDocument
VMware Tools 12.5.0（内部版本 24276846）的 Windows 实现中发现的一组漏洞.pdf,10,10,0,一致,ArticleDocument
发现 SharePoint 0day 漏洞（CVE-2025-53770）.pdf,7,7,0,一致,ArticleDocument
通过 Git 参数在 Jenkins 中注入命令（CVE-2025-53652）.pdf,10,10,0,一致,ArticleDocument
AI在网络安全中的应用之钓鱼邮件检测.pdf,17,17,0,一致,ArticleDocument
AI安全发展概述and入门了解.pdf,13,13,0,一致,ArticleDocument
API安全基础理论.pdf,12,12,0,一致,ArticleDocument
API接口安全测试Tips.pdf,40,40,0,一致,ArticleDocument
APP漏洞挖掘之某款APP开发商通用漏洞的挖掘.pdf,25,25,0,一致,ArticleDocument
Android逆向：基础入门.pdf,23,23,0,一致,ArticleDocument
App加固的种类甄别与侦查.pdf,13,13,0,一致,ArticleDocument
Burp+Charles联动安卓APP抓包.pdf,28,28,0,一致,ArticleDocument
CTF中RSA常见攻击方法.pdf,12,12,0,一致,ArticleDocument
CTF中SSTI漏洞的简单利用.pdf,13,13,0,一致,ArticleDocument
CTF内存取证分析.pdf,39,39,0,一致,ArticleDocument
Cobalt Strike的多种上线提醒方法.pdf,18,18,0,一致,ArticleDocument
CommonCollections1 Gadget分析.pdf,20,20,0,一致,ArticleDocument
Docker逃逸那些事儿.pdf,52,52,0,一致,ArticleDocument
FRP内网利器使用基础.pdf,26,26,0,一致,ArticleDocument
Flutter框架APP绕过SSL验证.pdf,16,16,0,一致,ArticleDocument
Frida自吐证书密码.pdf,16,16,0,一致,ArticleDocument
Godzilla Payload的简单分析.pdf,17,17,0,一致,ArticleDocument
IPSec和SSL国密数据包分析.pdf,29,29,0,一致,ArticleDocument
IP地址与隐私保护之我⻅.pdf,15,15,0,一致,ArticleDocument
JS扫描与漏洞挖掘利器推荐—Rotor Goddess.pdf,10,10,0,一致,ArticleDocument
JS逆向-绕过无限debugger.pdf,18,18,0,一致,ArticleDocument
Jeecg漏洞总结及tscan poc分享.pdf,12,12,0,一致,ArticleDocument
Linux横向移动手法-CSK靶机.pdf,24,24,0,一致,ArticleDocument
Process Ghosting（进程重影）.pdf,8,8,0,一致,ArticleDocument
Pwn入门之ret2libc详解.pdf,15,15,0,一致,ArticleDocument
Pwn入门之格式化字符串漏洞.pdf,28,28,0,一致,ArticleDocument
RBCD深度利用之烂番茄.pdf,11,11,0,一致,ArticleDocument
SRC资产导航监测平台Tsrc上线了.pdf,7,7,0,一致,ArticleDocument
Selenium自动化入坑指南.pdf,16,16,0,一致,ArticleDocument
Spring Framework远程代码执行漏洞复现.pdf,7,7,0,一致,ArticleDocument
researchcenter.paloaltonetworks.com_5131a3ac.txt,33,33,0,一致,ArticleDocument
APP漏洞挖掘之某下载量超101万的APP有几个漏洞可以GetShell？.pdf,32,32,0,一致,ArticleDocument
researchcenter.paloaltonetworks.com_54180559.txt,33,33,0,一致,ArticleDocument
Android组件安全之drozer实战.pdf,45,45,0,一致,ArticleDocument
Spring漏洞测试与利用.pdf,20,20,0,一致,ArticleDocument
Synaptics蠕虫病毒：一名网络安全从业人员的感染与溯源分析.pdf,64,64,0,一致,ArticleDocument
Windows自带的持久化后门——SDDL.pdf,11,11,0,一致,ArticleDocument
XSS绕过小思路.pdf,12,12,0,一致,ArticleDocument
XSS跨站脚本攻击.pdf,14,14,0,一致,ArticleDocument
ellite sql注入.pdf,18,18,0,一致,ArticleDocument
gophish钓鱼平台搭建.pdf,27,27,0,一致,ArticleDocument
mimikatz的一些实战小技巧.pdf,13,13,0,一致,ArticleDocument
shiro反序列漏洞中JRMPClient利用.pdf,14,14,0,一致,ArticleDocument
一个Go版(更强大)的TideFinger.pdf,3,3,0,一致,ArticleDocument
一次不出网上线cs实战案例.pdf,11,11,0,一致,ArticleDocument
云安全学习-密钥泄露与CF利用框架.pdf,13,13,0,一致,ArticleDocument
从web端getshell到内网域控.pdf,30,30,0,一致,ArticleDocument
从信息泄露到内网控制.pdf,10,10,0,一致,ArticleDocument
从弱口令到内网生产区.pdf,34,34,0,一致,ArticleDocument
从有到无的渗透.pdf,19,19,0,一致,ArticleDocument
代码审计之逃不过的命运.pdf,21,21,0,一致,ArticleDocument
任意用户密码重置.pdf,16,16,0,一致,ArticleDocument
内网--端口转发以及端口复用.pdf,22,22,0,一致,ArticleDocument
初识Java反序列化.pdf,7,7,0,一致,ArticleDocument
初识内存取证-volatility与Easy_dump.pdf,19,19,0,一致,ArticleDocument
动态防护技术.pdf,11,11,0,一致,ArticleDocument
十二种不常见密码及部分实现脚本.pdf,21,21,0,一致,ArticleDocument
国密SSL系统抓包及TLCP分析.pdf,38,38,0,一致,ArticleDocument
基于树莓派的蓝牙协议抓包.pdf,16,16,0,一致,ArticleDocument
实战分享 记一次对挖矿木马的样本分析.pdf,32,32,0,一致,ArticleDocument
a13xp0p0v_kconfig-hardened-check,7,7,0,一致,CodeSoftware
应急响应取证方法.pdf,25,25,0,一致,ArticleDocument
悟空crm漏洞新用.pdf,19,19,0,一致,ArticleDocument
敏感信息泄露.pdf,25,25,0,一致,ArticleDocument
极致CMS建站系统代码审计之旅.pdf,13,13,0,一致,ArticleDocument
某实战项目登录口处的渗透测试.pdf,10,10,0,一致,ArticleDocument
某次攻防演练中对任意文件读取漏洞的利用.pdf,13,13,0,一致,ArticleDocument
比赛中遇到的一些简单的逆向题目.pdf,32,32,0,一致,ArticleDocument
浅谈Web源码泄漏.pdf,29,29,0,一致,ArticleDocument
海豚命令执行复现.pdf,12,12,0,一致,ArticleDocument
用户名密码加密的页面爆破学习.pdf,25,25,0,一致,ArticleDocument
移动应用测试之APP日志的抓取.pdf,16,16,0,一致,ArticleDocument
简述APP资产收集与突破抓包限制.pdf,29,29,0,一致,ArticleDocument
绕过认证的五种方式.pdf,14,14,0,一致,ArticleDocument
编写爬取某框架面板管理后台代理池的脚本.pdf,20,20,0,一致,ArticleDocument
自动化渗透测试工具开发实践.pdf,18,18,0,一致,ArticleDocument
致盲 windows defender.pdf,11,11,0,一致,ArticleDocument
蓝队防守方战前准备篇（上）.pdf,8,8,0,一致,ArticleDocument
蜻蜓点水binlog.pdf,15,15,0,一致,ArticleDocument
行云海CMS之模板编辑防不胜防.pdf,10,10,0,一致,ArticleDocument
认识云安全.pdf,14,14,0,一致,ArticleDocument
记一奇葩弱口令到内网实战.pdf,20,20,0,一致,ArticleDocument
记一次APP加密数据包的解密过程与思路.pdf,10,10,0,一致,ArticleDocument
记一次失败的实战攻防.pdf,22,22,0,一致,ArticleDocument
记一次组合拳渗透测试.pdf,13,13,0,一致,ArticleDocument
越权访问测试.pdf,20,20,0,一致,ArticleDocument
车联网安全入门之从CAN模拟环境搭建到重放攻击.pdf,19,19,0,一致,ArticleDocument
远控免杀专题(74)-基于Go的条件触发式免杀.pdf,4,4,0,一致,ArticleDocument
远控免杀专题(75)-基于Go的沙箱检测.pdf,12,12,0,一致,ArticleDocument
远控免杀专题(76)-基于Go的各种API免杀测试.pdf,25,25,0,一致,ArticleDocument
逆向分析010 editor.pdf,15,15,0,一致,ArticleDocument
部分getshell漏洞汇总.pdf,44,44,0,一致,ArticleDocument
symantec-enterprise-blogs.security.com_010c131d.txt,10,10,0,一致,ArticleDocument
symantec-enterprise-blogs.security.com_28f3220e.txt,12,12,0,一致,ArticleDocument
symantec-enterprise-blogs.security.com_1f325d62.txt,6,6,0,一致,ArticleDocument
symantec-enterprise-blogs.security.com_289c403c.txt,6,6,0,一致,ArticleDocument
symantec-enterprise-blogs.security.com_6ecea757.txt,12,12,0,一致,ArticleDocument
symantec-enterprise-blogs.security.com_3da03ace.txt,7,7,0,一致,ArticleDocument
symantec-enterprise-blogs.security.com_58ab3f97.txt,15,15,0,一致,ArticleDocument
symantec-enterprise-blogs.security.com_999f3c13.txt,9,9,0,一致,ArticleDocument
symantec-enterprise-blogs.security.com_80003df6.txt,8,8,0,一致,ArticleDocument
symantec-enterprise-blogs.security.com_f289c312.txt,14,14,0,一致,ArticleDocument
symantec-enterprise-blogs.security.com_f1fa3ee5.txt,3,3,0,一致,ArticleDocument
thedfirreport.com_19167a1d.txt,17,17,0,一致,ArticleDocument
thedfirreport.com_738ab2ea.txt,32,32,0,一致,ArticleDocument
thedfirreport.com_7f93e231.txt,19,19,0,一致,ArticleDocument
thedfirreport.com_8d6ae6f3.txt,34,34,0,一致,ArticleDocument
thedfirreport.com_967ef79a.txt,25,25,0,一致,ArticleDocument
thedfirreport.com_9d11184c.txt,16,16,0,一致,ArticleDocument
thehackernews.com_48992416.txt,4,4,0,一致,ArticleDocument
thehackernews.com_2127d625.txt,5,5,0,一致,ArticleDocument
therecord.media_68e7143a.txt,9,9,0,一致,ArticleDocument
thehackernews.com_7489f5cf.txt,14,14,0,一致,ArticleDocument
therecord.media_8cf4fbf0.txt,9,9,0,一致,ArticleDocument
abedalqaderswedan1_aswcrypter,7,7,0,一致,CodeSoftware
therecord.media_69dea91d.txt,3,3,0,一致,ArticleDocument
threatconnect.com_581917ef.txt,35,35,0,一致,ArticleDocument
unit42.paloaltonetworks.com_0edf32a0.txt,25,25,0,一致,ArticleDocument
threatvector.cylance.com_4465ab3d.txt,10,10,0,一致,ArticleDocument
ti.dbappsecurity.com.cn_103ef4e4.txt,12,12,0,一致,ArticleDocument
tools.kali.org_82ec20c1.txt,7,7,0,一致,ArticleDocument
unit42.paloaltonetworks.com_175f6f11.txt,21,21,0,一致,ArticleDocument
unit42.paloaltonetworks.com_1da65643.txt,24,24,0,一致,ArticleDocument
unit42.paloaltonetworks.com_3566178c.txt,22,22,0,一致,ArticleDocument
unit42.paloaltonetworks.com_3d91c371.txt,23,23,0,一致,ArticleDocument
unit42.paloaltonetworks.com_3f8bde34.txt,23,23,0,一致,ArticleDocument
unit42.paloaltonetworks.com_5ed453c4.txt,58,58,0,一致,ArticleDocument
unit42.paloaltonetworks.com_6463093c.txt,62,62,0,一致,ArticleDocument
unit42.paloaltonetworks.com_623066d2.txt,35,35,0,一致,ArticleDocument
unit42.paloaltonetworks.com_747136cb.txt,53,53,0,一致,ArticleDocument
unit42.paloaltonetworks.com_933c4d1b.txt,22,22,0,一致,ArticleDocument
unit42.paloaltonetworks.com_93449a16.txt,54,54,0,一致,ArticleDocument
unit42.paloaltonetworks.com_982c2cb3.txt,19,19,0,一致,ArticleDocument
unit42.paloaltonetworks.com_ba250b1e.txt,53,53,0,一致,ArticleDocument
unit42.paloaltonetworks.com_be4cd23c.txt,49,49,0,一致,ArticleDocument
unit42.paloaltonetworks.com_ce7e1c12.txt,47,47,0,一致,ArticleDocument
unit42.paloaltonetworks.com_f83b7a64.txt,52,52,0,一致,ArticleDocument
unit42.paloaltonetworks.com_fb87240a.txt,55,55,0,一致,ArticleDocument
web.archive.org_1bfcddb2.txt,10,10,0,一致,ArticleDocument
web.archive.org_5edf5152.txt,21,21,0,一致,ArticleDocument
web.archive.org_346aaba1.txt,9,9,0,一致,ArticleDocument
web.archive.org_3f06a44b.txt,21,21,0,一致,ArticleDocument
web.archive.org_732bc8fc.txt,6,6,0,一致,ArticleDocument
web.archive.org_5f4fc0bb.txt,30,30,0,一致,ArticleDocument
web.archive.org_84877453.txt,12,12,0,一致,ArticleDocument
securelist.com_b0b61319.txt,19,19,0,一致,ArticleDocument
securelist.com_ae8dbed7.txt,19,19,0,一致,ArticleDocument
web.archive.org_a35aab61.txt,16,16,0,一致,ArticleDocument
www.accenture.com_7335f466.txt,17,17,0,一致,ArticleDocument
researchcenter.paloaltonetworks.com_58d915dc.txt,27,27,0,一致,ArticleDocument
AlessandroZ_BeRoot,268,268,0,一致,CodeSoftware
www.accenture.com_b7160793.txt,17,17,0,一致,ArticleDocument
www.anomali.com_1a1ec6e6.txt,62,62,0,一致,ArticleDocument
www.anomali.com_30d47f57.txt,54,54,0,一致,ArticleDocument
www.anomali.com_a5dce140.txt,21,21,0,一致,ArticleDocument
www.anomali.com_c630eff0.txt,27,27,0,一致,ArticleDocument
www.anomali.com_f9c63b08.txt,17,17,0,一致,ArticleDocument
www.coresecurity.com_efba7ff1.txt,27,27,0,一致,ArticleDocument
www.avira.com_50777730.txt,1,1,0,一致,ArticleDocument
www.bitdefender.com_77b925cd.txt,12,12,0,一致,ArticleDocument
www.bitdefender.com_86c28365.txt,11,11,0,一致,ArticleDocument
www.blackberry.com_57bc87a0.txt,1,1,0,一致,ArticleDocument
www.brighttalk.com_0c01e9e4.txt,1,1,0,一致,ArticleDocument
www.brighttalk.com_11d29380.txt,7,7,0,一致,ArticleDocument
www.cadosecurity.com_67ab2b54.txt,18,18,0,一致,ArticleDocument
www.clearskysec.com_3e7f7784.txt,1,1,0,一致,ArticleDocument
www.clearskysec.com_57969fc2.txt,1,1,0,一致,ArticleDocument
www.crowdstrike.com_06bcb0e1.txt,37,37,0,一致,ArticleDocument
www.crowdstrike.com_2686370a.txt,31,31,0,一致,ArticleDocument
www.crowdstrike.com_321c4236.txt,31,31,0,一致,ArticleDocument
www.crowdstrike.com_39dc1301.txt,35,35,0,一致,ArticleDocument
www.crowdstrike.com_53895ead.txt,38,38,0,一致,ArticleDocument
www.crowdstrike.com_568ff26c.txt,32,32,0,一致,ArticleDocument
www.crowdstrike.com_57e9a581.txt,37,37,0,一致,ArticleDocument
www.crowdstrike.com_87396eeb.txt,31,31,0,一致,ArticleDocument
www.crowdstrike.com_87e0ff3e.txt,32,32,0,一致,ArticleDocument
www.crowdstrike.com_8eba99c1.txt,22,22,0,一致,ArticleDocument
www.crowdstrike.com_9c75e12a.txt,37,37,0,一致,ArticleDocument
sirpsycho_firecall,1,1,0,一致,CodeSoftware
researchcenter.paloaltonetworks.com_5b348c6d.txt,56,56,0,一致,ArticleDocument
researchcenter.paloaltonetworks.com_5fcfefa6.txt,54,54,0,一致,ArticleDocument
researchcenter.paloaltonetworks.com_87633443.txt,23,23,0,一致,ArticleDocument
researchcenter.paloaltonetworks.com_889544c6.txt,28,28,0,一致,ArticleDocument
researchcenter.paloaltonetworks.com_940bce70.txt,1,1,0,一致,ArticleDocument
researchcenter.paloaltonetworks.com_979dd714.txt,48,48,0,一致,ArticleDocument
researchcenter.paloaltonetworks.com_9ab93fc2.txt,40,40,0,一致,ArticleDocument
researchcenter.paloaltonetworks.com_a86c94d8.txt,29,29,0,一致,ArticleDocument
researchcenter.paloaltonetworks.com_c74058dc.txt,18,18,0,一致,ArticleDocument
researchcenter.paloaltonetworks.com_e5604a82.txt,30,30,0,一致,ArticleDocument
researchcenter.paloaltonetworks.com_e71f80ac.txt,32,32,0,一致,ArticleDocument
researchcenter.paloaltonetworks.com_ebddddc7.txt,53,53,0,一致,ArticleDocument
researchcenter.paloaltonetworks.com_f647f209.txt,24,24,0,一致,ArticleDocument
researchcenter.paloaltonetworks.com_faef4e2f.txt,35,35,0,一致,ArticleDocument
researchcenter.paloaltonetworks.com_fbb12adf.txt,27,27,0,一致,ArticleDocument
securelist.com_02ba088d.txt,39,39,0,一致,ArticleDocument
securelist.com_09d239a1.txt,14,14,0,一致,ArticleDocument
securelist.com_1707ca62.txt,19,19,0,一致,ArticleDocument
securelist.com_31b2d4d1.txt,51,51,0,一致,ArticleDocument
securelist.com_33990795.txt,72,72,0,一致,ArticleDocument
securelist.com_3b13ca3c.txt,65,65,0,一致,ArticleDocument
securelist.com_41891f15.txt,19,19,0,一致,ArticleDocument
securelist.com_42f1e011.txt,63,63,0,一致,ArticleDocument
securelist.com_4a0977ce.txt,11,11,0,一致,ArticleDocument
securelist.com_53fa1ca8.txt,24,24,0,一致,ArticleDocument
securelist.com_58633a3b.txt,58,58,0,一致,ArticleDocument
securelist.com_7bd147d3.txt,20,20,0,一致,ArticleDocument
securelist.com_7cbab6cd.txt,17,17,0,一致,ArticleDocument
securelist.com_7d8af076.txt,69,69,0,一致,ArticleDocument
securelist.com_8c03c894.txt,67,67,0,一致,ArticleDocument
securelist.com_8ed563e4.txt,59,59,0,一致,ArticleDocument
securelist.com_979ff75f.txt,16,16,0,一致,ArticleDocument
www.crowdstrike.com_a48860cc.txt,28,28,0,一致,ArticleDocument
www.crowdstrike.com_bbff05ec.txt,17,17,0,一致,ArticleDocument
www.crowdstrike.com_f0fc4cad.txt,16,16,0,一致,ArticleDocument
www.crowdstrike.com_f9df9440.txt,38,38,0,一致,ArticleDocument
www.csmonitor.com_35dfff56.txt,25,25,0,一致,ArticleDocument
www.cybereason.com_2133499d.txt,14,14,0,一致,ArticleDocument
www.cybereason.com_63bdd5ad.txt,21,21,0,一致,ArticleDocument
www.cybereason.com_67c80cc7.txt,11,11,0,一致,ArticleDocument
www.cybereason.com_a65951e7.txt,13,13,0,一致,ArticleDocument
www.cybereason.com_c2f97d26.txt,16,16,0,一致,ArticleDocument
www.cyberscoop.com_450ca38c.txt,4,4,0,一致,ArticleDocument
www.cybereason.com_ca64f2f7.txt,19,19,0,一致,ArticleDocument
www.domaintools.com_2d96faea.txt,7,7,0,一致,ArticleDocument
www.darkreading.com_d2f9f213.txt,4,4,0,一致,ArticleDocument
www.deepinstinct.com_cfc3747d.txt,7,7,0,一致,ArticleDocument
www.domaintools.com_a08659d1.txt,20,20,0,一致,ArticleDocument
www.elastic.co_ebd69e0d.txt,21,21,0,一致,ArticleDocument
www.dragos.com_9ac34d0c.txt,2,2,0,一致,ArticleDocument
www.eenews.net_835cc434.txt,18,18,0,一致,ArticleDocument
www.fireeye.com_095816a7.txt,14,14,0,一致,ArticleDocument
www.esentire.com_14e61a4a.txt,10,10,0,一致,ArticleDocument
www.fireeye.com_1407e343.txt,44,44,0,一致,ArticleDocument
www.fireeye.com_0e17bac3.txt,12,12,0,一致,ArticleDocument
www.fireeye.com_1bc1e624.txt,15,15,0,一致,ArticleDocument
www.fireeye.com_1eb5d5fe.txt,8,8,0,一致,ArticleDocument
www.fireeye.com_2f6bd598.txt,13,13,0,一致,ArticleDocument
www.fireeye.com_45d5d4f0.txt,18,18,0,一致,ArticleDocument
www.fireeye.com_3ac5fa95.txt,7,7,0,一致,ArticleDocument
www.fireeye.com_3c0334f1.txt,4,4,0,一致,ArticleDocument
www.fireeye.com_5f25902c.txt,9,9,0,一致,ArticleDocument
www.fireeye.com_4c718248.txt,11,11,0,一致,ArticleDocument
www.fireeye.com_62c30fd2.txt,25,25,0,一致,ArticleDocument
www.fireeye.com_795cf8ff.txt,12,12,0,一致,ArticleDocument
www.fireeye.com_7b7c2eef.txt,12,12,0,一致,ArticleDocument
www.fireeye.com_8441c6d7.txt,10,10,0,一致,ArticleDocument
www.fireeye.com_82e581ad.txt,6,6,0,一致,ArticleDocument
www.fireeye.com_9639a7cd.txt,36,36,0,一致,ArticleDocument
www.fireeye.com_9bb2a1fa.txt,7,7,0,一致,ArticleDocument
www.fireeye.com_98192105.txt,5,5,0,一致,ArticleDocument
www.fireeye.com_a3a3560e.txt,3,3,0,一致,ArticleDocument
www.fireeye.com_9dc171b3.txt,8,8,0,一致,ArticleDocument
www.fireeye.com_9f1fc509.txt,5,5,0,一致,ArticleDocument
www.fireeye.com_bd2756e8.txt,11,11,0,一致,ArticleDocument
www.fireeye.com_acc0ef00.txt,7,7,0,一致,ArticleDocument
www.fireeye.com_b2d17063.txt,6,6,0,一致,ArticleDocument
www.fireeye.com_be5fe560.txt,8,8,0,一致,ArticleDocument
www.fireeye.com_c4fb4338.txt,6,6,0,一致,ArticleDocument
www.fireeye.com_caa2d504.txt,12,12,0,一致,ArticleDocument
www.fireeye.com_ce227d2c.txt,7,7,0,一致,ArticleDocument
www.fireeye.com_da0de3ee.txt,17,17,0,一致,ArticleDocument
www.fireeye.com_e40f73bb.txt,13,13,0,一致,ArticleDocument
www.fireeye.com_e2be9372.txt,11,11,0,一致,ArticleDocument
www.fireeye.com_fe6c4c32.txt,6,6,0,一致,ArticleDocument
www.fireeye.com_edb33ae0.txt,5,5,0,一致,ArticleDocument
www.fireeye.com_f30ac230.txt,13,13,0,一致,ArticleDocument
www.fireeye.com_f3431cc1.txt,5,5,0,一致,ArticleDocument
www.fireeye.com_fe90531e.txt,10,10,0,一致,ArticleDocument
www.flashpoint-intel.com_433b73c7.txt,8,8,0,一致,ArticleDocument
www.forcepoint.com_b3b42906.txt,7,7,0,一致,ArticleDocument
www.gov.uk_2b541648.txt,5,5,0,一致,ArticleDocument
www.group-ib.com_3840436c.txt,10,10,0,一致,ArticleDocument
www.group-ib.com_7f764b37.txt,12,12,0,一致,ArticleDocument
www.group-ib.com_b44e8a1a.txt,14,14,0,一致,ArticleDocument
www.group-ib.com_c0f7d1ef.txt,4,4,0,一致,ArticleDocument
www.group-ib.com_c8757cc2.txt,26,26,0,一致,ArticleDocument
www.ironnet.com_c66ef101.txt,32,32,0,一致,ArticleDocument
www.huntress.com_1609dd14.txt,8,8,0,一致,ArticleDocument
www.huntress.com_ac90eb25.txt,9,9,0,一致,ArticleDocument
www.intezer.com_bcf898fc.txt,6,6,0,一致,ArticleDocument
www.linkedin.com_b3c3e2c5.txt,22,22,0,一致,ArticleDocument
www.issuemakerslab.com_0fb61938.txt,5,5,0,一致,ArticleDocument
www.justice.gov_6911b35e.txt,9,9,0,一致,ArticleDocument
www.lacework.com_81ac5285.txt,6,6,0,一致,ArticleDocument
www.mandiant.com_323fd3a3.txt,14,14,0,一致,ArticleDocument
www.malwarebytes.com_8ad99129.txt,12,12,0,一致,ArticleDocument
www.malwarebytes.com_be4b9957.txt,12,12,0,一致,ArticleDocument
www.mandiant.com_19d00b17.txt,9,9,0,一致,ArticleDocument
www.mandiant.com_3a8358af.txt,28,28,0,一致,ArticleDocument
www.mandiant.com_5195b95d.txt,15,15,0,一致,ArticleDocument
www.mandiant.com_c9521ca8.txt,35,35,0,一致,ArticleDocument
www.mandiant.com_569685ff.txt,28,28,0,一致,ArticleDocument
www.mandiant.com_5a176ffc.txt,20,20,0,一致,ArticleDocument
www.mandiant.com_5ff0d1de.txt,6,6,0,一致,ArticleDocument
www.mandiant.com_6f938802.txt,20,20,0,一致,ArticleDocument
www.mandiant.com_769b1a29.txt,14,14,0,一致,ArticleDocument
www.mandiant.com_87737f22.txt,24,24,0,一致,ArticleDocument
www.mandiant.com_8f4ae113.txt,57,57,0,一致,ArticleDocument
www.mandiant.com_994e96b5.txt,31,31,0,一致,ArticleDocument
www.mandiant.com_b27a626d.txt,7,7,0,一致,ArticleDocument
www.mandiant.com_b860a195.txt,19,19,0,一致,ArticleDocument
www.mandiant.com_bf7c7d14.txt,6,6,0,一致,ArticleDocument
www.mandiant.com_fcc5f377.txt,19,19,0,一致,ArticleDocument
www.mandiant.com_f41c9705.txt,16,16,0,一致,ArticleDocument
www.mcafee.com_0c9d718d.txt,11,11,0,一致,ArticleDocument
www.mcafee.com_d53df78a.txt,25,25,0,一致,ArticleDocument
www.mcafee.com_a1fbdad6.txt,4,4,0,一致,ArticleDocument
www.microsoft.com_230175fd.txt,25,25,0,一致,ArticleDocument
www.mcafee.com_da84b894.txt,26,26,0,一致,ArticleDocument
www.mcafee.com_ef9d76b4.txt,17,17,0,一致,ArticleDocument
www.microsoft.com_1d531373.txt,14,14,0,一致,ArticleDocument
www.microsoft.com_3a089c7d.txt,19,19,0,一致,ArticleDocument
www.microsoft.com_e4d090eb.txt,53,53,0,一致,ArticleDocument
www.microsoft.com_ff4cd0dc.txt,27,27,0,一致,ArticleDocument
www.ncsc.gov.uk_daed03e6.txt,10,10,0,一致,ArticleDocument
www.proofpoint.com_0846a269.txt,7,7,0,一致,ArticleDocument
www.proofpoint.com_114a551b.txt,8,8,0,一致,ArticleDocument
www.proofpoint.com_1852c90f.txt,7,7,0,一致,ArticleDocument
www.proofpoint.com_4392e527.txt,7,7,0,一致,ArticleDocument
www.proofpoint.com_4c3888bd.txt,10,10,0,一致,ArticleDocument
www.proofpoint.com_5d050f18.txt,12,12,0,一致,ArticleDocument
www.proofpoint.com_6177b9d9.txt,9,9,0,一致,ArticleDocument
www.proofpoint.com_62465cfb.txt,28,28,0,一致,ArticleDocument
www.proofpoint.com_62708007.txt,8,8,0,一致,ArticleDocument
www.proofpoint.com_71bfd191.txt,9,9,0,一致,ArticleDocument
www.proofpoint.com_847e0e0c.txt,8,8,0,一致,ArticleDocument
www.proofpoint.com_8b68fe75.txt,14,14,0,一致,ArticleDocument
www.proofpoint.com_9bdb0c65.txt,7,7,0,一致,ArticleDocument
www.proofpoint.com_ae2537bc.txt,7,7,0,一致,ArticleDocument
www.proofpoint.com_af5501d4.txt,19,19,0,一致,ArticleDocument
www.proofpoint.com_b0fdb18c.txt,15,15,0,一致,ArticleDocument
www.proofpoint.com_c1902402.txt,15,15,0,一致,ArticleDocument
www.proofpoint.com_c4beeee2.txt,18,18,0,一致,ArticleDocument
www.proofpoint.com_cfd4702b.txt,14,14,0,一致,ArticleDocument
www.proofpoint.com_d2533bf8.txt,12,12,0,一致,ArticleDocument
www.proofpoint.com_dbc27d49.txt,6,6,0,一致,ArticleDocument
www.proofpoint.com_e5bececc.txt,23,23,0,一致,ArticleDocument
www.pwc.co.uk_07387310.txt,33,33,0,一致,ArticleDocument
www.pwc.co.uk_584b870c.txt,33,33,0,一致,ArticleDocument
www.pwc.com_a5dd7560.txt,19,19,0,一致,ArticleDocument
www.rapid7.com_0a4b2f1b.txt,27,27,0,一致,ArticleDocument
www.recordedfuture.com_d1db691a.txt,15,15,0,一致,ArticleDocument
www.rewterz.com_82dc29fe.txt,8,8,0,一致,ArticleDocument
www.rewterz.com_d0c5c6d5.txt,8,8,0,一致,ArticleDocument
www.secureworks.com_14f32cc1.txt,6,6,0,一致,ArticleDocument
www.secureworks.com_4710150a.txt,10,10,0,一致,ArticleDocument
www.secureworks.com_517ad709.txt,9,9,0,一致,ArticleDocument
www.secureworks.com_62b7a20c.txt,10,10,0,一致,ArticleDocument
www.secureworks.com_6aa995ec.txt,20,20,0,一致,ArticleDocument
www.secureworks.com_6ab15e9b.txt,25,25,0,一致,ArticleDocument
www.secureworks.com_6d6a51f3.txt,11,11,0,一致,ArticleDocument
www.secureworks.com_71d5c3f2.txt,1,1,0,一致,ArticleDocument
www.secureworks.com_74416da4.txt,9,9,0,一致,ArticleDocument
www.secureworks.com_83bb1fc4.txt,32,32,0,一致,ArticleDocument
www.secureworks.com_83c7a802.txt,4,4,0,一致,ArticleDocument
www.secureworks.com_87c8ee9e.txt,9,9,0,一致,ArticleDocument
www.secureworks.com_9b832630.txt,14,14,0,一致,ArticleDocument
www.secureworks.com_af9b776f.txt,20,20,0,一致,ArticleDocument
www.secureworks.com_c074bcdc.txt,25,25,0,一致,ArticleDocument
www.secureworks.com_c1edbd67.txt,9,9,0,一致,ArticleDocument
www.secureworks.com_c473288c.txt,6,6,0,一致,ArticleDocument
www.secureworks.com_c9d0d07f.txt,10,10,0,一致,ArticleDocument
www.secureworks.com_ca45c04c.txt,5,5,0,一致,ArticleDocument
www.secureworks.com_cef3a7a2.txt,13,13,0,一致,ArticleDocument
www.secureworks.com_d465b075.txt,11,11,0,一致,ArticleDocument
www.secureworks.com_d5748512.txt,17,17,0,一致,ArticleDocument
www.secureworks.com_dfa926e6.txt,6,6,0,一致,ArticleDocument
www.secureworks.com_e59a8f89.txt,9,9,0,一致,ArticleDocument
www.secureworks.com_ec9600bf.txt,7,7,0,一致,ArticleDocument
www.secureworks.com_f0bdd9f2.txt,10,10,0,一致,ArticleDocument
www.sentinelone.com_360bd2d7.txt,19,19,0,一致,ArticleDocument
www.sentinelone.com_6a368f77.txt,12,12,0,一致,ArticleDocument
www.sentinelone.com_9ac06847.txt,18,18,0,一致,ArticleDocument
www.sentinelone.com_c4f258cb.txt,8,8,0,一致,ArticleDocument
www.sentinelone.com_de62ce2b.txt,5,5,0,一致,ArticleDocument
www.symantec.com_150f7c63.txt,4,4,0,一致,ArticleDocument
www.symantec.com_75b4225a.txt,15,15,0,一致,ArticleDocument
www.symantec.com_8d1017c6.txt,7,7,0,一致,ArticleDocument
www.symantec.com_b97cfacd.txt,13,13,0,一致,ArticleDocument
www.symantec.com_c1ac66eb.txt,6,6,0,一致,ArticleDocument
www.symantec.com_d2ac13ec.txt,7,7,0,一致,ArticleDocument
www.symantec.com_fa515d54.txt,13,13,0,一致,ArticleDocument
www.trendmicro.com_09e2f6dc.txt,9,9,0,一致,ArticleDocument
www.trendmicro.com_1dbac97f.txt,10,10,0,一致,ArticleDocument
www.trendmicro.com_2a181c21.txt,51,51,0,一致,ArticleDocument
www.trendmicro.com_346f8c19.txt,11,11,0,一致,ArticleDocument
www.trendmicro.com_3eedfbc3.txt,7,7,0,一致,ArticleDocument
www.trendmicro.com_5d41998c.txt,14,14,0,一致,ArticleDocument
www.trendmicro.com_61c641c4.txt,8,8,0,一致,ArticleDocument
www.trendmicro.com_69d7c0b8.txt,17,17,0,一致,ArticleDocument
www.trendmicro.com_7cce8980.txt,40,40,0,一致,ArticleDocument
www.trendmicro.com_7f2296a9.txt,25,25,0,一致,ArticleDocument
www.trendmicro.com_b85d35eb.txt,17,17,0,一致,ArticleDocument
www.trendmicro.com_c05cbb63.txt,13,13,0,一致,ArticleDocument
www.trendmicro.com_cd01cdcc.txt,14,14,0,一致,ArticleDocument
www.trendmicro.com_d975438e.txt,7,7,0,一致,ArticleDocument
www.uptycs.com_8e266147.txt,7,7,0,一致,ArticleDocument
www.virusbulletin.com_5a3dbbd9.txt,16,16,0,一致,ArticleDocument
www.volexity.com_48d8379c.txt,11,11,0,一致,ArticleDocument
www.volexity.com_4c7cb945.txt,20,20,0,一致,ArticleDocument
www.volexity.com_54aac17d.txt,8,8,0,一致,ArticleDocument
www.volexity.com_5ab176a3.txt,12,12,0,一致,ArticleDocument
www.volexity.com_6cab2986.txt,19,19,0,一致,ArticleDocument
www.volexity.com_7035694f.txt,13,13,0,一致,ArticleDocument
www.volexity.com_bfd0d34b.txt,12,12,0,一致,ArticleDocument
www.volexity.com_d97c6e78.txt,7,7,0,一致,ArticleDocument
www.volexity.com_f98c89d9.txt,8,8,0,一致,ArticleDocument
www.welivesecurity.com_10b9d918.txt,29,29,0,一致,ArticleDocument
www.welivesecurity.com_2109de0a.txt,10,10,0,一致,ArticleDocument
www.welivesecurity.com_28a80cb0.txt,22,22,0,一致,ArticleDocument
www.welivesecurity.com_2bb2ef32.txt,11,11,0,一致,ArticleDocument
www.welivesecurity.com_3947bcd7.txt,7,7,0,一致,ArticleDocument
www.welivesecurity.com_3bf1f783.txt,3,3,0,一致,ArticleDocument
www.welivesecurity.com_3e8de9e6.txt,10,10,0,一致,ArticleDocument
www.welivesecurity.com_4ec893ef.txt,9,9,0,一致,ArticleDocument
www.welivesecurity.com_552d1b17.txt,8,8,0,一致,ArticleDocument
www.welivesecurity.com_6287dbcb.txt,16,16,0,一致,ArticleDocument
www.welivesecurity.com_6544a5cd.txt,4,4,0,一致,ArticleDocument
www.welivesecurity.com_662fb02e.txt,15,15,0,一致,ArticleDocument
www.welivesecurity.com_6657cb36.txt,25,25,0,一致,ArticleDocument
www.welivesecurity.com_68a49791.txt,31,31,0,一致,ArticleDocument
www.welivesecurity.com_75abc2b7.txt,17,17,0,一致,ArticleDocument
www.welivesecurity.com_92194bcf.txt,35,35,0,一致,ArticleDocument
www.welivesecurity.com_95242780.txt,13,13,0,一致,ArticleDocument
www.welivesecurity.com_9f9b535e.txt,7,7,0,一致,ArticleDocument
www.welivesecurity.com_a0fec165.txt,18,18,0,一致,ArticleDocument
www.welivesecurity.com_a2dcf1f8.txt,21,21,0,一致,ArticleDocument
www.welivesecurity.com_ad7a7b22.txt,5,5,0,一致,ArticleDocument
www.welivesecurity.com_d1fd0de6.txt,21,21,0,一致,ArticleDocument
www.welivesecurity.com_e7a891b0.txt,10,10,0,一致,ArticleDocument
www.welivesecurity.com_f394601b.txt,15,15,0,一致,ArticleDocument
www.welivesecurity.com_f4a5070e.txt,6,6,0,一致,ArticleDocument
www.zdnet.com_1c18ba7b.txt,10,10,0,一致,ArticleDocument
www.zdnet.com_50677fed.txt,24,24,0,一致,ArticleDocument
www.zdnet.com_b9b74113.txt,28,28,0,一致,ArticleDocument
www.zscaler.com_2b994fa3.txt,20,20,0,一致,ArticleDocument
www.zscaler.com_5e2acc5f.txt,12,12,0,一致,ArticleDocument
www.zscaler.com_7e6ad6bc.txt,24,24,0,一致,ArticleDocument
第100篇美国NSA全球个人信息检索系统XKeyscore关键得分的介绍.docx,34,34,0,一致,ArticleDocument
第101篇一个绕过5层权限校验的0day漏洞的代码审计分析.docx,23,23,0,一致,ArticleDocument
第103篇对一个加密混淆的java内存马的反混淆实战分析.docx,18,18,0,一致,ArticleDocument
第104篇解密希拉里邮件门中鱼叉钓鱼攻击的技术细节.docx,14,14,0,一致,ArticleDocument
第105篇方程式工具包图形界面版V042更新永恒浪漫exp对VistaWin7系统的利用.docx,12,12,0,一致,ArticleDocument
第107篇国攻防比赛中一个多层嵌套的java内存马的反混淆解密分析过程.docx,23,23,0,一致,ArticleDocument
第108篇美国NSA全球信息元数据检索系统Marina玛丽娜的介绍.docx,20,20,0,一致,ArticleDocument
第111篇Weblogic8x早期版本后台部署war包获取shell方法与坑点总结.docx,27,27,0,一致,ArticleDocument
第112篇美国APT震网病毒入侵伊朗核工厂后续与启示第4篇.docx,15,15,0,一致,ArticleDocument
第114篇美国NSA量子DNS注入攻击技术揭秘网络战的隐蔽手段QUANTUMDNS.docx,9,9,0,一致,ArticleDocument
第115篇俄乌网络战之二乌克兰第2次大停电事件复盘.docx,19,19,0,一致,ArticleDocument
第116篇蓝队分析研判工具箱143代码重写添加新功能更新bug.docx,16,16,0,一致,ArticleDocument
第117篇ysoserial反序列化漏洞利用工具修改版支持JDK15老旧系统.docx,10,10,0,一致,ArticleDocument
第118篇Redis未授权访问漏洞与SSH免密登录的简易操作方法.docx,17,17,0,一致,ArticleDocument
第119篇俄乌网络战之三乌克兰2022年第3次大停电APT事件复盘.docx,23,23,0,一致,ArticleDocument
第120篇蓝队溯源之蚁剑sqlmapGoby反制方法的复现与分析.docx,21,21,0,一致,ArticleDocument
第121篇蓝队分析取证工具箱216版流量分析大幅度更新.docx,21,21,0,一致,ArticleDocument
第122篇国hu攻防比赛蓝队防守经验总结中篇.docx,13,13,0,一致,ArticleDocument
第123篇美国NSA的Tutelage系统构建APT防御中间层的威胁建模与引导监控体系.docx,15,15,0,一致,ArticleDocument
第124篇美国NSA网络战及全球网络监听体系Turbulence湍流系统的讲解.docx,15,15,0,一致,ArticleDocument
第13篇coldfusion反序列化过waf改exp拿靶标的艰难过程.docx,18,18,0,一致,ArticleDocument
第16篇Weblogic20192729反序列化漏洞绕防护拿权限的实战过程.docx,17,17,0,一致,ArticleDocument
第17篇Shiro反序列化在Weblogic下无利用链的拿权限方法.docx,15,15,0,一致,ArticleDocument
第18篇fastjson反序列化漏洞区分版本号的方法总结.docx,15,15,0,一致,ArticleDocument
第19篇关于近期cs服务端被反打的原因分析.docx,15,15,0,一致,ArticleDocument
第1篇Weblogic9x在JDK15下T3反序列化漏洞利用方法byABC_123.docx,15,15,0,一致,ArticleDocument
第20篇改造冰蝎客户端适配JNDIExploit的内存马.docx,22,22,0,一致,ArticleDocument
第22篇一次艰难的PostgreSQL不出网提权过程.docx,13,13,0,一致,ArticleDocument
第23篇XSS绕过防护盲打某SRC官网后台.docx,15,15,0,一致,ArticleDocument
第24篇记2011年实战外网ARP欺骗拿权限的过程.docx,15,15,0,一致,ArticleDocument
第25篇冰蝎2x过流量检测改造的全过程.docx,30,30,0,一致,ArticleDocument
第28篇用户名字典生成工具V02发布将中文汉字姓名转成11种格式的拼音.docx,9,9,0,一致,ArticleDocument
第2篇区分Spring与Struts2框架的几种新方法.docx,13,13,0,一致,ArticleDocument
第30篇swing组件添加javafx的webview浏览器组件方法.docx,9,9,0,一致,ArticleDocument
第31篇一系列操作使sqlmap识别一个奇葩的延时注入点并绕waf的艰难过程.docx,12,12,0,一致,ArticleDocument
第32篇某运营商链路劫持被挂博彩页溯源异常路由节点上篇.docx,25,25,0,一致,ArticleDocument
第33篇DNS劫持攻击原理讲解及溯源分析的常规步骤.docx,12,12,0,一致,ArticleDocument
第35篇某区宽带用户路由器DNS被篡改事件分析DNS重绑定攻击.docx,11,11,0,一致,ArticleDocument
第36篇我是如何一步步溯源到偷走我家小狗的人宠物丢失的寻找方法狗狗走丢了怎么找回.docx,20,20,0,一致,ArticleDocument
第37篇fortify代码审计工具的使用技巧1审计java代码过程.docx,31,31,0,一致,ArticleDocument
第38篇Checkmarx代码审计代码检测工具的使用教程上.docx,35,35,0,一致,ArticleDocument
第40篇CORS跨域资源共享漏洞的复现分析利用及修复过程.docx,23,23,0,一致,ArticleDocument
第41篇Klocwork代码审计代码扫描工具的使用教程.docx,14,14,0,一致,ArticleDocument
第43篇国内商用代码审计工具CodePecker啄木鸟的使用教程.docx,15,15,0,一致,ArticleDocument
第44篇绕过前端加密的账号密码爆破易语言网页填表模块.docx,15,15,0,一致,ArticleDocument
第45篇weblogic反序列化漏洞绕waf方法总结201710271与20192725漏洞.docx,13,13,0,一致,ArticleDocument
第46篇伊朗APT组织入侵美国政府内网全过程揭秘上篇.docx,25,25,0,一致,ArticleDocument
第47篇ATTampCK矩阵攻击链分析伊朗APT入侵美国政府内网中篇.docx,31,31,0,一致,ArticleDocument
第48篇Weblogic最新漏洞修复方法禁用T3IIOP协议.docx,20,20,0,一致,ArticleDocument
第49篇域环境中部分员工电脑开机速度缓慢原因分析.docx,9,9,0,一致,ArticleDocument
第4篇jsp型webshell被删情况下如何溯源攻击时间.docx,10,10,0,一致,ArticleDocument
第50篇使用OD逆向破解流光Fluxay扫描器各种限制怀旧.docx,23,23,0,一致,ArticleDocument
第51篇某运营商外网打点到内网横向渗透的全过程.docx,12,12,0,一致,ArticleDocument
第52篇OD使用教程2设置API函数断点去除软件对话框及过期校验.docx,22,22,0,一致,ArticleDocument
第53篇某OA系统的H2数据库延时注入点不出网拿shell方法.docx,12,12,0,一致,ArticleDocument
第54篇蓝队分析辅助工具箱V043新增内存马反编译分析及Jar包恶意类名搜索功能.docx,21,21,0,一致,ArticleDocument
第55篇日志分析神器Splunk的介绍与使用大数据分析智能运维业务分析.docx,26,26,0,一致,ArticleDocument
第56篇美国安全局NSA入侵西北工业大学流程图梳理和分析上篇.docx,14,14,0,一致,ArticleDocument
第57篇蓝队分析辅助工具箱V052更新美化界面shirolog4j2冰蝎哥斯拉解密ip.docx,21,21,0,一致,ArticleDocument
第58篇美国安全局NSA入侵西北工业大学流程图梳理和分析正式篇.docx,16,16,0,一致,ArticleDocument
第59篇VMware虚拟机一开扫描器就断网的解决方法坑点总结.docx,14,14,0,一致,ArticleDocument
第5篇ShiroPaddingOracle无key的艰难实战利用过程.docx,13,13,0,一致,ArticleDocument
第60篇Thymeleaf模板注入漏洞总结及修复方法上篇.docx,19,19,0,一致,ArticleDocument
第61篇使用chatGPT猜测未知的api接口实现及提交参数对api接口的进一步利用.docx,15,15,0,一致,ArticleDocument
第64篇史上最严重的APT供应链攻击事件借助Solarwinds攻击欧美的流程图梳理和分析上篇.docx,16,16,0,一致,ArticleDocument
第67篇美国安全公司溯源分析Solarwinds供应链攻击事件全过程.docx,12,12,0,一致,ArticleDocument
第68篇javafx编写扫描器UI界面的线程死锁问题及坑点总结.docx,30,30,0,一致,ArticleDocument
第6篇Weblogic反序列化攻击不依赖日志溯源攻击时间.docx,17,17,0,一致,ArticleDocument
第71篇某银行外网打点到内网核心区红队评估复盘.docx,24,24,0,一致,ArticleDocument
第72篇近年HVV红队攻防比赛中常见外围打点漏洞的分析与总结.docx,8,8,0,一致,ArticleDocument
第73篇蓝队分析研判工具箱V072溯源辅助资产测绘搜索代码格式化攻击流量解密冰蝎哥斯拉.docx,22,22,0,一致,ArticleDocument
第74篇美国APT网络攻击破坏伊朗核设施全过程复盘分析震网病毒上篇.docx,34,34,0,一致,ArticleDocument
第77篇美国APT入侵西北工业大学使用的5款远控后门揭秘.docx,21,21,0,一致,ArticleDocument
第78篇巧妙方法抓取某商用红队扫描器的4000多个漏洞利用exp.docx,9,9,0,一致,ArticleDocument
第79篇记一次Oracle注入漏洞提权的艰难过程.docx,15,15,0,一致,ArticleDocument
第7篇MS12020蓝屏漏洞在实战中的巧用.docx,12,12,0,一致,ArticleDocument
第80篇Weblogic上传漏洞在不知绝对路径情况下拿shell方法.docx,15,15,0,一致,ArticleDocument
第81篇JSONP劫持漏洞获取敏感信息原理复现与坑点总结.docx,18,18,0,一致,ArticleDocument
第82篇用户名密码字典生成工具V032发布14种拼音格式IP地址处理密码字典生成.docx,13,13,0,一致,ArticleDocument
第83篇HTTP身份认证401不同情况下弱口令枚举方法及java代码实现上篇.docx,21,21,0,一致,ArticleDocument
第84篇顶级加密勒索组织LockBit的深度剖析与技战法分析上篇.docx,28,28,0,一致,ArticleDocument
第85篇顶级加密勒索组织LockBit的杀伤链模型与技战法分析中篇.docx,17,17,0,一致,ArticleDocument
第86篇顶级加密勒索组织LockBit的防御方法参考国外报告.docx,10,10,0,一致,ArticleDocument
第87篇Struts2框架全版本漏洞检测工具原创发布漏洞检测而非漏洞利用.docx,10,10,0,一致,ArticleDocument
第89篇方程式工具包远程溢出漏洞图形界面版V03内置永恒之蓝永恒冠军永恒浪漫等.docx,17,17,0,一致,ArticleDocument
第8篇Oracle注入漏洞绕waf的新语句.docx,8,8,0,一致,ArticleDocument
第91篇shiro反序列化漏洞绕waf防护的方法总结上篇.docx,13,13,0,一致,ArticleDocument
第94篇记一次国护零失分的防守经验总结中篇.docx,12,12,0,一致,ArticleDocument
第95篇国护零失分防守经验3蜜罐环绕靶标的围点打援策略.docx,8,8,0,一致,ArticleDocument
第97篇对绕过2层waf的sql注入攻击语句的深入分析.docx,18,18,0,一致,ArticleDocument
红队第11篇盲猜包体对上传漏洞的艰难利用过程.docx,17,17,0,一致,ArticleDocument
红队第12篇给任意java程序挂Socks5代理方法.docx,10,10,0,一致,ArticleDocument
红队第7篇IIS短文件名猜解在拿权限中的巧用付脚本下载.docx,20,20,0,一致,ArticleDocument
网络安全14Struts2框架下Log4j2漏洞检测方法分析与总结.docx,16,16,0,一致,ArticleDocument
蓝队第3篇Shiro反序列化数据包解密及蓝队分析工具提供下载.docx,7,7,0,一致,ArticleDocument
速报Weblogic反序列化0day1day漏洞的临时修补方案.docx,9,9,0,一致,ArticleDocument
速报某EDR产品服务端RCE0day漏洞临时加固方案.docx,6,6,0,一致,ArticleDocument
001实战钓鱼篇细节决定成败通过在线客服通关内网.docx,21,21,0,一致,ArticleDocument
11反恶意软件扫描接口AMSI.docx,12,12,0,一致,ArticleDocument
2022红队生存指南2议题征集开始啦.docx,4,4,0,一致,ArticleDocument
2023红队生存指南3开始啦文末抽奖和议题主题预览.docx,12,12,0,一致,ArticleDocument
39元ESP8266模块做一个便携式wifi杀手渗透局域网钓鱼测试.docx,14,14,0,一致,ArticleDocument
51快乐.docx,3,3,0,一致,ArticleDocument
ActiveDirectory域服务特权提升漏洞CVE202226923.docx,33,33,0,一致,ArticleDocument
ADCS域持久性.docx,13,13,0,一致,ArticleDocument
AlternativeProcessInjection.docx,11,11,0,一致,ArticleDocument
AntimalwareScanInterfaceProviderforPersistenc.docx,7,7,0,一致,ArticleDocument
ApacheSolr漏洞复现.docx,13,13,0,一致,ArticleDocument
ApacheSolr漏洞总结.docx,27,27,0,一致,ArticleDocument
APowerfulEmailCollectTool.docx,4,4,0,一致,ArticleDocument
ARP欺骗原理及实战.docx,11,11,0,一致,ArticleDocument
ATTampCKRedTeaming实战入侵演练横向渗透拿到Flag.docx,55,55,0,一致,ArticleDocument
Bayonet一体化的资产管理系统.docx,5,5,0,一致,ArticleDocument
beacon_frp.docx,22,22,0,一致,ArticleDocument
BlackHat2020议题之Web缓存投毒.docx,21,21,0,一致,ArticleDocument
Burpsuite之Engagementtools使用.docx,14,14,0,一致,ArticleDocument
Burp之Collaborator使用技巧.docx,11,11,0,一致,ArticleDocument
BypassUACusingnetplwizexe.docx,6,6,0,一致,ArticleDocument
bypassUAC的一个Tips.docx,16,16,0,一致,ArticleDocument
CertifiedPreOwned.docx,57,57,0,一致,ArticleDocument
CFS三层靶机.docx,37,37,0,一致,ArticleDocument
CitrixADC中的远程代码执行挖掘之路译.docx,14,14,0,一致,ArticleDocument
CobaltStrike从入门到入狱.docx,18,18,0,一致,ArticleDocument
CobaltStrike发送钓鱼邮件.docx,30,30,0,一致,ArticleDocument
cobaltstrike笔记listener利用手法和分析.docx,29,29,0,一致,ArticleDocument
colorcplexe.docx,5,5,0,一致,ArticleDocument
cookiesessiontoken的区别.docx,5,5,0,一致,ArticleDocument
CSPowershellBeacon分析.docx,30,30,0,一致,ArticleDocument
CTFWEB与MISC学习资料共享.docx,21,21,0,一致,ArticleDocument
CVE20200601使用POC解释了CHAINOFFOOLSCURVEBALL攻击.docx,7,7,0,一致,ArticleDocument
CVE20200796微软SMBv3协议RCE复现.docx,12,12,0,一致,ArticleDocument
CVE20214034LinuxPolkit权限提升漏洞分析.docx,7,7,0,一致,ArticleDocument
CVE20244577PHPCGI参数注入漏洞.docx,3,3,0,一致,ArticleDocument
CVE到内网然后拿下4个域控.docx,47,47,0,一致,ArticleDocument
DC1.docx,33,33,0,一致,ArticleDocument
DC4.docx,27,27,0,一致,ArticleDocument
DC5.docx,19,19,0,一致,ArticleDocument
DC6.docx,16,16,0,一致,ArticleDocument
DLLinjectionLOLBIN.docx,10,10,0,一致,ArticleDocument
DLL代理加载shellcod用于免杀维权等等.docx,17,17,0,一致,ArticleDocument
DLL攻击漫谈.docx,11,11,0,一致,ArticleDocument
dumpLSASS.docx,22,22,0,一致,ArticleDocument
Elasticsearch漏洞总结.docx,18,18,0,一致,ArticleDocument
Fastjson1247远程命令执行漏洞.docx,9,9,0,一致,ArticleDocument
FastJson渗透测试.docx,29,29,0,一致,ArticleDocument
Googlehack笔记.docx,3,3,0,一致,ArticleDocument
Gophish钓鱼测试.docx,16,16,0,一致,ArticleDocument
Hacker遇上HipHop黑白天携手360众测唱出你的态度.docx,10,10,0,一致,ArticleDocument
HackingClub首场线下技术趴报名通道正式开启.docx,10,10,0,一致,ArticleDocument
HacktheboxBankrobber.docx,19,19,0,一致,ArticleDocument
hacktheboxBountyHunterwriteup.docx,33,33,0,一致,ArticleDocument
HacktheboxZipper.docx,18,18,0,一致,ArticleDocument
IMEWDBLDexeByPass360下载文件.docx,6,6,0,一致,ArticleDocument
ISRC2023中秋众测精美礼盒等你来开.docx,3,3,0,一致,ArticleDocument
ISRC活动来袭快来领福利.docx,26,26,0,一致,ArticleDocument
JaFak一款无视js前端加密的账号密码爆破工具.docx,34,34,0,一致,ArticleDocument
JavaWeb内存马技术归纳.docx,23,23,0,一致,ArticleDocument
Java审计之SQL注入篇.docx,23,23,0,一致,ArticleDocument
Jboss漏洞利用总结.docx,24,24,0,一致,ArticleDocument
Joomla漏洞总结.docx,12,12,0,一致,ArticleDocument
KaliLinux渗透测试OSCP证书历程.docx,16,16,0,一致,ArticleDocument
KerberosBronzeBit攻击CVE202017049.docx,25,25,0,一致,ArticleDocument
kerberos认证下的一些攻击手法.docx,25,25,0,一致,ArticleDocument
Kerbroes协议之ASREQampASREP.docx,35,35,0,一致,ArticleDocument
KimsukyAPT组织利用疫情话题针对南韩进行双平台的攻击活动的分析.docx,119,119,0,一致,ArticleDocument
LazarusAPT攻击手法之利用BuildEvents特性执行代码复现.docx,30,30,0,一致,ArticleDocument
Linux中SUID权限解读.docx,9,9,0,一致,ArticleDocument
linux提权Suid和Guid配置错误.docx,7,7,0,一致,ArticleDocument
Linux提权姿势二利用NFS提权.docx,9,9,0,一致,ArticleDocument
Linux部署DNS服务器.docx,17,17,0,一致,ArticleDocument
MicrosoftExchange漏洞分析一CVE20200688.docx,13,13,0,一致,ArticleDocument
MicrosoftExchange漏洞分析三ProxyShell.docx,19,19,0,一致,ArticleDocument
MicrosoftExchange漏洞分析二ProxyLogon.docx,30,30,0,一致,ArticleDocument
Mimikatz的简单使用.docx,27,27,0,一致,ArticleDocument
NET加载程序集的AMSI绕过.docx,20,20,0,一致,ArticleDocument
Nmap学习.docx,24,24,0,一致,ArticleDocument
OFFENSIVELATERALMOVEMENT横向移动译文.docx,13,13,0,一致,ArticleDocument
OffensiveNim之偏僻语言shellcode加载器.docx,11,11,0,一致,ArticleDocument
OSCE3之路OSCPPEN200.docx,8,8,0,一致,ArticleDocument
OSCPamp红队进攻性安全.docx,7,7,0,一致,ArticleDocument
OSPF路由协议配置.docx,9,9,0,一致,ArticleDocument
PHPCMS_V92任意文件上传getshell漏洞分析.docx,27,27,0,一致,ArticleDocument
PHPCMS_V960wap模块SQL注入漏洞分析.docx,46,46,0,一致,ArticleDocument
PHPCMS_V960任意文件上传漏洞分析.docx,41,41,0,一致,ArticleDocument
phpMyAdmin渗透利用总结.docx,16,16,0,一致,ArticleDocument
PHPSTROM中xdebug调试配置和基本使用.docx,21,21,0,一致,ArticleDocument
PowerCat脚本使用.docx,14,14,0,一致,ArticleDocument
PrintNightmare.docx,39,39,0,一致,ArticleDocument
ProtectedProcessLightPPLAttack.docx,53,53,0,一致,ArticleDocument
RASP的安全攻防研究实践.docx,33,33,0,一致,ArticleDocument
Redis常见漏洞利用方法总结.docx,40,40,0,一致,ArticleDocument
rsync未授权访问.docx,12,12,0,一致,ArticleDocument
Smbexec绕过WindowsDefender.docx,16,16,0,一致,ArticleDocument
socks5协议原理学习.docx,18,18,0,一致,ArticleDocument
sql注入分类.docx,4,4,0,一致,ArticleDocument
sql注入攻击sqlmap2.docx,5,5,0,一致,ArticleDocument
SQL注入攻击之sqlmap.docx,4,4,0,一致,ArticleDocument
SSRF原理实战及修复方式.docx,7,7,0,一致,ArticleDocument
SSRF详细利用方式及getshell.docx,22,22,0,一致,ArticleDocument
T1218002ControlPanel滥用.docx,9,9,0,一致,ArticleDocument
ThinkCMF框架任意内容包含漏洞.docx,20,20,0,一致,ArticleDocument
Thinkphp漏洞复现总结.docx,40,40,0,一致,ArticleDocument
Tomcat常见的漏洞总结.docx,39,39,0,一致,ArticleDocument
TurlaPowerShell攻击手法学习.docx,8,8,0,一致,ArticleDocument
url跳转漏洞原理及绕过方式.docx,5,5,0,一致,ArticleDocument
VulnHub通关日记DC_1Walkthrough.docx,28,28,0,一致,ArticleDocument
Weblogic漏洞利用总结.docx,28,28,0,一致,ArticleDocument
WhoisMrBai.docx,82,82,0,一致,ArticleDocument
WhoisMrWang.docx,52,52,0,一致,ArticleDocument
windows下打造漂亮的msf.docx,14,14,0,一致,ArticleDocument
windows之NTLM认证.docx,6,6,0,一致,ArticleDocument
windows提权看这一篇就够了.docx,20,20,0,一致,ArticleDocument
Windows网络服务与配置管理之DHCP服务器搭建.docx,43,43,0,一致,ArticleDocument
Windows网络服务与配置管理之活动目录学习.docx,36,36,0,一致,ArticleDocument
Windows身份验证中的凭据管理.docx,8,8,0,一致,ArticleDocument
WMI持久性后门powershell水文.docx,19,19,0,一致,ArticleDocument
xss原理利用及修复.docx,7,7,0,一致,ArticleDocument
XXE的原理利用方式及修复.docx,7,7,0,一致,ArticleDocument
zimbraRCE漏洞利用.docx,23,23,0,一致,ArticleDocument
一个免杀钓鱼思路分享.docx,17,17,0,一致,ArticleDocument
一个四舍五入一个亿的项目等待你.docx,14,14,0,一致,ArticleDocument
一些有趣的powershell加载命令.docx,9,9,0,一致,ArticleDocument
一图解密黑客职业生涯.docx,3,3,0,一致,ArticleDocument
一套漏洞组合拳接管你的账号.docx,12,12,0,一致,ArticleDocument
一招教你如何蓝吃红.docx,7,7,0,一致,ArticleDocument
一文学会WebService漏洞挖掘.docx,21,21,0,一致,ArticleDocument
一款内网自动化横向工具InScan开源扫描器.docx,20,20,0,一致,ArticleDocument
一种有趣的权限维持的方式.docx,7,7,0,一致,ArticleDocument
上一个秘密这边正在揭晓.docx,6,6,0,一致,ArticleDocument
业务逻辑测试点笔记.docx,3,3,0,一致,ArticleDocument
中秋快乐.docx,4,4,0,一致,ArticleDocument
中间人攻击之Bettercap工具使用.docx,22,22,0,一致,ArticleDocument
从cve到幸运域控.docx,41,41,0,一致,ArticleDocument
从SQL注入到拿下三个域控.docx,40,40,0,一致,ArticleDocument
从工具OneForAll代码角度学习子域名挖掘.docx,36,36,0,一致,ArticleDocument
代码审计基础xssampsql.docx,8,8,0,一致,ArticleDocument
任意文件读取与下载的原理及修复.docx,5,5,0,一致,ArticleDocument
伽马射线是否可以让我们拥有不可思议的能力.docx,27,27,0,一致,ArticleDocument
你的时光邮局来信致2020年ZUI酷的人.docx,12,12,0,一致,ArticleDocument
你知道你电脑让黑了吗.docx,12,12,0,一致,ArticleDocument
使用CobaltStrike的Beacon对象文件自定义DLL注入.docx,13,13,0,一致,ArticleDocument
使用C开发IIS模块后门.docx,12,12,0,一致,ArticleDocument
使用Golang免杀Tips.docx,12,12,0,一致,ArticleDocument
使用HTTP404FileNotFound的C2译.docx,20,20,0,一致,ArticleDocument
使用ICMP传递shellcode.docx,10,10,0,一致,ArticleDocument
使用reGeorgProxifier实现内网穿透.docx,10,10,0,一致,ArticleDocument
使用SharpWSUS通过WSUS横向移动.docx,23,23,0,一致,ArticleDocument
使用内存特征检测CobaltStrike.docx,20,20,0,一致,ArticleDocument
使用命名管道通讯的命令执行工具.docx,18,18,0,一致,ArticleDocument
保时捷帕拉梅拉971开通全屏Carplay.docx,27,27,0,一致,ArticleDocument
信仰重燃第一章我是谁.docx,9,9,0,一致,ArticleDocument
兄弟们给弟弟投一下票.docx,3,3,0,一致,ArticleDocument
免杀对抗映射Ntdlldll来取消挂钩EDR.docx,14,14,0,一致,ArticleDocument
关于OSCE3和OSCP那些事儿.docx,4,4,0,一致,ArticleDocument
关于朋友圈小心新型二维码钓鱼揭秘.docx,17,17,0,一致,ArticleDocument
内网协议NTLM之NTLM基础.docx,27,27,0,一致,ArticleDocument
内网协议NTLM之内网大杀器CVE20191040漏洞.docx,28,28,0,一致,ArticleDocument
内网学习笔记2.docx,7,7,0,一致,ArticleDocument
内网建立传输通道.docx,31,31,0,一致,ArticleDocument
内网快速定位敏感数据文件.docx,6,6,0,一致,ArticleDocument
内网渗透之端口转发与代理工具学习.docx,36,36,0,一致,ArticleDocument
内网渗透内网穿透.docx,14,14,0,一致,ArticleDocument
内网渗透测试基础学习笔记.docx,4,4,0,一致,ArticleDocument
内网渗透靶机VulnStack1.docx,50,50,0,一致,ArticleDocument
内网渗透靶机VulnStack2.docx,47,47,0,一致,ArticleDocument
内网红队学习资料.docx,5,5,0,一致,ArticleDocument
分享一个维权手法.docx,2,2,0,一致,ArticleDocument
分析CobaltStrikePayload.docx,42,42,0,一致,ArticleDocument
初试在线破解工具Hydra爆破入侵3389服务器.docx,9,9,0,一致,ArticleDocument
利用DomainBorrowing对抗流量检测设备.docx,7,7,0,一致,ArticleDocument
利用MicrosoftTeams维权并掩盖CobaltStrike流量.docx,14,14,0,一致,ArticleDocument
利用Office实现简单钓鱼.docx,14,14,0,一致,ArticleDocument
叮福利来了错过等一百年.docx,11,11,0,一致,ArticleDocument
听说你们想要认识大佬.docx,12,12,0,一致,ArticleDocument
刺向巴勒斯坦的致命毒针双尾蝎APT组织的攻击活动分析与总结.docx,253,253,0,一致,ArticleDocument
域信息收集自动脚本WinPwn.docx,13,13,0,一致,ArticleDocument
域控制器权限持久化分析和防范.docx,5,5,0,一致,ArticleDocument
域提权漏洞系列分析Zerologon漏洞分析.docx,30,30,0,一致,ArticleDocument
域渗透攻防指南签名版预售来啦.docx,7,7,0,一致,ArticleDocument
基础实战关于我所了解的SQL注入.docx,46,46,0,一致,ArticleDocument
复现RPC中继NTLM身份验证.docx,11,11,0,一致,ArticleDocument
大福利.docx,5,5,0,一致,ArticleDocument
天呐一年一度红队星球白嫖它来了.docx,13,13,0,一致,ArticleDocument
好用的小工具分享pydictor.docx,12,12,0,一致,ArticleDocument
如何寻找网站文件上传漏洞.docx,6,6,0,一致,ArticleDocument
子域名枚举amp收集.docx,30,30,0,一致,ArticleDocument
学习jwt的一点笔记.docx,5,5,0,一致,ArticleDocument
学习如逆水行舟不进则退.docx,12,12,0,一致,ArticleDocument
学习渗透何必花钱白嫖才是王道.docx,4,4,0,一致,ArticleDocument
学习渗透是不用19xx的.docx,11,11,0,一致,ArticleDocument
学安全我推荐你一些必关注干货公众号.docx,17,17,0,一致,ArticleDocument
安全研究员对安全研究员进行的定向攻击的安全研究.docx,5,5,0,一致,ArticleDocument
实战XOX测试香港某药业注入漏洞.docx,14,14,0,一致,ArticleDocument
实战你的个人信息在这一分不值之某医院水平越权操作任意账号.docx,17,17,0,一致,ArticleDocument
实战化白帽人才能力白皮书发布三阶能力展现白帽人才态势.docx,12,12,0,一致,ArticleDocument
实战技巧利用ssh将内网端口反向连接穿透到外网vps.docx,4,4,0,一致,ArticleDocument
实战技巧利用ThinkPHP5X的BUG实现数据库信息泄露.docx,22,22,0,一致,ArticleDocument
实战提权某找小姐网站服务器.docx,38,38,0,一致,ArticleDocument
密码重置姿势总结.docx,13,13,0,一致,ArticleDocument
对棋牌app漏洞挖掘以及一些工具附送0DAY.docx,39,39,0,一致,ArticleDocument
工具使用强大的红队武器Octopus吊打杀软.docx,37,37,0,一致,ArticleDocument
工具使用红队工具之Covenant.docx,58,58,0,一致,ArticleDocument
常见开源黑客工具溯源.docx,17,17,0,一致,ArticleDocument
常见的windows下无文件落地攻击手法.docx,35,35,0,一致,ArticleDocument
常见的支付漏洞你会了几点.docx,9,9,0,一致,ArticleDocument
干爆红队爆破CSTeamserver密码.docx,14,14,0,一致,ArticleDocument
年轻人的第一条quot黑客quot数据线最新伪装BadUSB.docx,8,8,0,一致,ArticleDocument
开始报名谷安第三届大学生网络安全知识技能大赛.docx,7,7,0,一致,ArticleDocument
悬剑武器库公益计划比赛版.docx,5,5,0,一致,ArticleDocument
惊爆某信安大佬聊天记录.docx,17,17,0,一致,ArticleDocument
我不要学习我不看课程哎呀妈呀这公开课真香.docx,3,3,0,一致,ArticleDocument
扫目录N多代理IP绕过拦截.docx,9,9,0,一致,ArticleDocument
技术分享万物皆可fuzz之sql注入waf绕过.docx,12,12,0,一致,ArticleDocument
技术分享红队权限维持方法杂谈.docx,5,5,0,一致,ArticleDocument
技术课堂POC编写之刷分大法.docx,34,34,0,一致,ArticleDocument
护网礼盒哥斯拉Godzillashell管理工具.docx,38,38,0,一致,ArticleDocument
报名通道开启贝壳找房2020ICS安全技术峰会.docx,5,5,0,一致,ArticleDocument
推荐几个宝藏公众号.docx,2,2,0,一致,ArticleDocument
揭秘一个伪技术大佬武汉九歌究竟是谁.docx,46,46,0,一致,ArticleDocument
文件包含漏洞原理利用方式及修复.docx,12,12,0,一致,ArticleDocument
春招为你精心整理的一份安全面经.docx,6,6,0,一致,ArticleDocument
最终议程EISS2020企业信息安全峰会之上海站1127周五.docx,11,11,0,一致,ArticleDocument
来宝贝我们聊点羞羞的吧.docx,3,3,0,一致,ArticleDocument
来我们聊聊内网渗透.docx,15,15,0,一致,ArticleDocument
来聊聊技术喝两杯.docx,8,8,0,一致,ArticleDocument
某运营商外网打点到内网横向渗透的全过程.docx,13,13,0,一致,ArticleDocument
横向移动SCshell使用ServiceManager进行无文件横向移动.docx,13,13,0,一致,ArticleDocument
横向移动使用CLSID调用COM对象进行横向.docx,16,16,0,一致,ArticleDocument
欺骗的艺术社会工程学.docx,10,10,0,一致,ArticleDocument
每天一手黑客技巧我当黑客被抓了应该怎么办.docx,25,25,0,一致,ArticleDocument
泄露数据库密码到拿下wordpress站点服务器.docx,25,25,0,一致,ArticleDocument
活动来拿双旦礼物AirpodsPro那种.docx,17,17,0,一致,ArticleDocument
深入探究浏览器编码及XSSBypass.docx,12,12,0,一致,ArticleDocument
渗透实战简单的拿下项目的root权限.docx,32,32,0,一致,ArticleDocument
渗透思路从JS文件入手.docx,10,10,0,一致,ArticleDocument
渗透测试一点理论笔记.docx,3,3,0,一致,ArticleDocument
灯下黑应用在windows隐身后门中的实践.docx,12,12,0,一致,ArticleDocument
知识比金子宝贵因为金子买不到它.docx,11,11,0,一致,ArticleDocument
硬核武器使用CDFS打造一个特殊的u盘.docx,13,13,0,一致,ArticleDocument
社区最强大的安全检测工具xray.docx,10,10,0,一致,ArticleDocument
社工之网络钓鱼.docx,22,22,0,一致,ArticleDocument
移动安全二APK打包流程及签名安全机制初探.docx,13,13,0,一致,ArticleDocument
第75篇美国APT供应链打穿伊朗物理隔离的核工厂案例分析第2篇.docx,15,15,0,一致,ArticleDocument
第76篇美国震网病毒隐蔽破坏伊朗核设施离心机的多种方法揭秘第3篇.docx,13,13,0,一致,ArticleDocument
第一次跨界下次计划网络安全题材.docx,5,5,0,一致,ArticleDocument
第三届红帽杯网络安全攻防大赛部分WriteUp.docx,11,11,0,一致,ArticleDocument
简谈I今天传爆网安圈的ApacheSolrVelocity远程代码执行漏洞.docx,11,11,0,一致,ArticleDocument
粉丝被杀猪盘骗了十五万我重拳出击拿下.docx,25,25,0,一致,ArticleDocument
红队备忘录直播资料开放下载.docx,7,7,0,一致,ArticleDocument
红队武器库网络安全人员必备.docx,32,32,0,一致,ArticleDocument
红队生存指南3从实战看安全.docx,4,4,0,一致,ArticleDocument
红队生存指南议题速递.docx,3,3,0,一致,ArticleDocument
红队生成指南2议题会直播链接速进.docx,5,5,0,一致,ArticleDocument
红队第1篇weblogic9x在JDK15下T3反序列化漏洞利用方法byABC_123.docx,16,16,0,一致,ArticleDocument
红队第2篇区分Spring与Struts2框架的几种新方法.docx,14,14,0,一致,ArticleDocument
红队第3篇银行Java站SSRFquot组合洞quot打法造成的严重危害.docx,13,13,0,一致,ArticleDocument
红队第4篇ShiroPaddingOracle无key的艰难实战利用过程.docx,12,12,0,一致,ArticleDocument
红队资源.docx,4,4,0,一致,ArticleDocument
终端安全系列计划任务详解.docx,21,21,0,一致,ArticleDocument
绕过ppl保护关闭WindowsDefender.docx,8,8,0,一致,ArticleDocument
续集再发通达OA多枚0day.docx,13,13,0,一致,ArticleDocument
网站挂马原理及实战.docx,7,7,0,一致,ArticleDocument
网络安全全套书籍限时领取.docx,6,6,0,一致,ArticleDocument
网络安全所有用到的技术做过的实战项目内网实战靶场环境渗透工具还有很多的渗透思维图谱全部附上.docx,15,15,0,一致,ArticleDocument
美国安全局NSA入侵西北工业大学流程图梳理和分析上篇.docx,15,15,0,一致,ArticleDocument
老司机福利请备好纸巾.docx,14,14,0,一致,ArticleDocument
色情小卡片背后的这帮黑社会是谁.docx,18,18,0,一致,ArticleDocument
艾戈科技HVV行动蓝队值守人员招聘.docx,4,4,0,一致,ArticleDocument
获取域内管理员和用户信息.docx,8,8,0,一致,ArticleDocument
蛇从暗黑中袭来响尾蛇SideWinderAPT组织2020年上半年活动总结报告.docx,41,41,0,一致,ArticleDocument
记一次特殊的钓鱼样本分析.docx,45,45,0,一致,ArticleDocument
谁在觊觎Gov站点揭秘神秘组织中华夜壶.docx,49,49,0,一致,ArticleDocument
谈谈那些网络毒鸡汤.docx,6,6,0,一致,ArticleDocument
赠书福利快来拿书学习吧.docx,7,7,0,一致,ArticleDocument
跨时代的碰撞Cobaltstrike上线提醒bp机篇.docx,6,6,0,一致,ArticleDocument
这是赤裸裸打网络从业者的脸.docx,7,7,0,一致,ArticleDocument
这里有一本安全武林秘籍送给你.docx,11,11,0,一致,ArticleDocument
进攻性安全培训第2期小班.docx,9,9,0,一致,ArticleDocument
进程注入OPSECtips.docx,10,10,0,一致,ArticleDocument
通过命名管道分析检测CobaltStrike.docx,9,9,0,一致,ArticleDocument
遇到一个骗子发现一个骚思路.docx,18,18,0,一致,ArticleDocument
邮件钓鱼攻击手法学习.docx,36,36,0,一致,ArticleDocument
重要提醒Seraph安全实验室官网重磅上线.docx,24,24,0,一致,ArticleDocument
野草计划一千种懒人刷洞第一篇.docx,12,12,0,一致,ArticleDocument
野草计划一千种懒人刷洞第二篇.docx,10,10,0,一致,ArticleDocument
针对一次裸聊诈骗的渗透测试.docx,25,25,0,一致,ArticleDocument
针对中国用户的SLOWTEMPEST行动中DLL劫持分析.docx,8,8,0,一致,ArticleDocument
针对某个目标的渗透测试下内网渗透.docx,50,50,0,一致,ArticleDocument
针对某个目标的渗透测试外网渗透.docx,38,38,0,一致,ArticleDocument
钓鱼Coremail远程代码执行漏洞复现POC.docx,15,15,0,一致,ArticleDocument
长亭珂兰寺里面都是怎样的人.docx,14,14,0,一致,ArticleDocument
阿里云主机accesskey利用工具.docx,16,16,0,一致,ArticleDocument
阿里这份安全渗透内容火了完整版免费开放下载.docx,10,10,0,一致,ArticleDocument
陇剑杯WPwifi题解.docx,21,21,0,一致,ArticleDocument
隐藏通信隧道基础知识.docx,5,5,0,一致,ArticleDocument
非约束委派和约束委派攻击.docx,41,41,0,一致,ArticleDocument
靶机闯关DC8.docx,23,23,0,一致,ArticleDocument
项目实战细节决定成败的渗透测试.docx,57,57,0,一致,ArticleDocument
黑白天回顾2020我们是如何挖掘漏洞的呢.docx,10,10,0,一致,ArticleDocument
telefonicatech.com_4663d4e7.txt,9,9,0,一致,ArticleDocument
chichou_grab.js,73,73,0,一致,CodeSoftware
dirtycow_dirtycow.github.io,15,15,0,一致,CodeSoftware
jas502n_CVE-2018-14665,2,2,0,一致,CodeSoftware
urbanadventurer_whatweb,2225,2225,0,一致,CodeSoftware
leitbogioro_SSR.Go,2,2,0,一致,CodeSoftware
airstrike,62,62,0,一致,CodeSoftware
AdaptixC2,1655,1655,0,一致,CodeSoftware
AlanFramework,10069,10069,0,一致,CodeSoftware
Amnesiac,975,975,0,一致,CodeSoftware
Apollo,3234,3234,0,一致,CodeSoftware
Ares,109,109,0,一致,CodeSoftware
AsyncRAT-C-Sharp,1904,1904,0,一致,CodeSoftware
AlessandroZ_LaZagne,1932,1932,0,一致,CodeSoftware
AtlasC2,342,342,0,一致,CodeSoftware
BabyShark,15,15,0,一致,CodeSoftware
BEAR,188,188,0,一致,CodeSoftware
BlackMamba,254,254,0,一致,CodeSoftware
C2TeamServer,699,699,0,一致,CodeSoftware
C3,4454,4454,0,一致,CodeSoftware
CloakNDaggerC2,268,268,0,一致,CodeSoftware
DCVC2,16,16,0,一致,CodeSoftware
DarkFinger-C2,9,9,0,一致,CodeSoftware
DaaC2,54,54,0,一致,CodeSoftware
Dali,56,56,0,一致,CodeSoftware
DiscordGo,57,57,0,一致,CodeSoftware
CHAOS,971,971,0,一致,CodeSoftware
Covenant,5961,5961,0,一致,CodeSoftware
DBC2,677,677,0,一致,CodeSoftware
DcRat,6141,6141,0,一致,CodeSoftware
DeimosC2,1671,1671,0,一致,CodeSoftware
EggShell,323,323,0,一致,CodeSoftware
Empire,11319,11319,0,一致,CodeSoftware
EvilOSX,393,393,0,一致,CodeSoftware
FlyingAFalseFlag,52,52,0,一致,CodeSoftware
FudgeC2,639,639,0,一致,CodeSoftware
GC2-sheet,136,136,0,一致,CodeSoftware
GCR-Google-Calendar-RAT,6,6,0,一致,CodeSoftware
GRAT2,332,332,0,一致,CodeSoftware
GoBot2,340,340,0,一致,CodeSoftware
GodGenesis,18,18,0,一致,CodeSoftware
HTTP-revshell,443,443,0,一致,CodeSoftware
HardHatC2,2398,2398,0,一致,CodeSoftware
Havoc,3870,3870,0,一致,CodeSoftware
Heroinn,448,448,0,一致,CodeSoftware
Http-Asynchronous-Reverse-Shell,42,42,0,一致,CodeSoftware
LOLBITS,458,458,0,一致,CodeSoftware
MacShellSwift,62,62,0,一致,CodeSoftware
MaccaroniC2,8,8,0,一致,CodeSoftware
Medusa,322,322,0,一致,CodeSoftware
MeetC2,1134,1134,0,一致,CodeSoftware
caldera,3892,3892,0,一致,CodeSoftware
disctopia-c2,164,164,0,一致,CodeSoftware
emp3r0r,1174,1174,0,一致,CodeSoftware
gcat,66,66,0,一致,CodeSoftware
goDoH,104,104,0,一致,CodeSoftware
google_socks,16,16,0,一致,CodeSoftware
grc2,2,2,0,一致,CodeSoftware
ibombshell,283,283,0,一致,CodeSoftware
koadic,1204,1204,0,一致,CodeSoftware
link,189,189,0,一致,CodeSoftware
manjusaka,221,221,0,一致,CodeSoftware
AlessandroZ_LaZagneForensic,358,358,0,一致,CodeSoftware
P0cL4bs_Kadimus,118,118,0,一致,CodeSoftware
PortSwigger_command-injection-attacker,349,349,0,一致,CodeSoftware
Screetsec_TheFatRat,1760,1760,0,一致,CodeSoftware
SecWiki_CMS-Hunter,1625,1625,0,一致,CodeSoftware
SkyLined_LocalNetworkScanner,5,5,0,一致,CodeSoftware
TheSecondSun_Bashark,36,36,0,一致,CodeSoftware
Veil-Framework_Veil,363,363,0,一致,CodeSoftware
d3vilbug_HackBar,111,111,0,一致,CodeSoftware
darkoperator_Metasploit-Plugins,55,55,0,一致,CodeSoftware
decoder-it_psportfwd,4,4,0,一致,CodeSoftware
euphrat1ca_WebCruiserWVS,848,848,0,一致,CodeSoftware
fireeye_ReelPhish,1,1,0,一致,CodeSoftware
gentilkiwi_mimikatz,3535,3535,0,一致,CodeSoftware
ggerganov_kbd-audio,677,677,0,一致,CodeSoftware
govolution_avet,169,169,0,一致,CodeSoftware
grayddq_PubilcAssetInfo,78,78,0,一致,CodeSoftware
iceyhexman_onlinetools,1069,1069,0,一致,CodeSoftware
jmortega_python-pentesting,18,18,0,一致,CodeSoftware
0pn1i9ht_F-Scrack,0,0,0,一致,CodeSoftware
0x09AL_CVE-2018-8174-msf,0,0,0,一致,CodeSoftware
0x4D31_salt-scanner,0,0,0,一致,CodeSoftware
0xdeadbeefJERKY_Office-DDE-Payloads,0,0,0,一致,CodeSoftware
3gstudent_CVE-2017-8464-EXP,0,0,0,一致,CodeSoftware
3gstudent_Smbtouch-Scanner,0,0,0,一致,CodeSoftware
3gstudent_Worse-PDF,0,0,0,一致,CodeSoftware
3xp10it_xupload,0,0,0,一致,CodeSoftware
51x_WHP,0,0,0,一致,CodeSoftware
9aylas_Shortcut-Payload-Generator,0,0,0,一致,CodeSoftware
BugScanTeam_GitHack,0,0,0,一致,CodeSoftware
Ccapton_brook-ok,0,0,0,一致,CodeSoftware
ChrisJohnRiley_Scythe,0,0,0,一致,CodeSoftware
Cn33liz_StarFighters,0,0,0,一致,CodeSoftware
Coalfire-Research_java-deserialization-exploits,0,0,0,一致,CodeSoftware
D35m0nd142_LFISuite,0,0,0,一致,CodeSoftware
D4Vinci_Cr3dOv3r,0,0,0,一致,CodeSoftware
D4Vinci_PasteJacker,0,0,0,一致,CodeSoftware
Damian89_xssfinder,0,0,0,一致,CodeSoftware
DanMcInerney_msf-autopwn,0,0,0,一致,CodeSoftware
DanMcInerney_msf-autoshell,0,0,0,一致,CodeSoftware
DanMcInerney_msf-netpwn,0,0,0,一致,CodeSoftware
Dionach_CMSmap,0,0,0,一致,CodeSoftware
EnableSecurity_wafw00f,0,0,0,一致,CodeSoftware
FeeiCN_ESD,0,0,0,一致,CodeSoftware
FeeiCN_GSIL,0,0,0,一致,CodeSoftware
FortyNorthSecurity_AggressorAssessor,0,0,0,一致,CodeSoftware
Go0s_SitePathScan,0,0,0,一致,CodeSoftware
GoSecure_break-fast-serial,0,0,0,一致,CodeSoftware
Graph-X_davscan,0,0,0,一致,CodeSoftware
Hadesy2k_sqliv,0,0,0,一致,CodeSoftware
Hell0W0rld0_Github-Hunter,0,0,0,一致,CodeSoftware
Ivan1ee_struts2-057-exp,0,0,0,一致,CodeSoftware
JohnTroony_Blisqy,0,0,0,一致,CodeSoftware
JusticeRage_FFM,0,0,0,一致,CodeSoftware
Khepri,0,0,0,一致,CodeSoftware
LOLBAS-Project_LOLBAS,0,0,0,一致,CodeSoftware
LandGrey_pydictor,0,0,0,一致,CodeSoftware
LionSec_katoolin,0,0,0,一致,CodeSoftware
LoRexxar_Feigong,0,0,0,一致,CodeSoftware
Lucifer1993_AngelSword,0,0,0,一致,CodeSoftware
Lucifer1993_struts-scan,0,0,0,一致,CodeSoftware
MazenElzanaty_TwLocation,0,0,0,一致,CodeSoftware
Mebus_cupp,0,0,0,一致,CodeSoftware
MohamedNourTN_Terminator,0,0,0,一致,CodeSoftware
MorteNoir1_virtualbox_e1000_0day,0,0,0,一致,CodeSoftware
Mosuan_FileScan,0,0,0,一致,CodeSoftware
Mr-Un1k0d3r_CatMyFish,0,0,0,一致,CodeSoftware
Mr-Un1k0d3r_CatMyPhish,0,0,0,一致,CodeSoftware
Mr-Un1k0d3r_MaliciousMacroGenerator,0,0,0,一致,CodeSoftware
Mr-Un1k0d3r_PowerLessShell,0,0,0,一致,CodeSoftware
Mr-Un1k0d3r_SCT-obfuscator,0,0,0,一致,CodeSoftware
Mr-Un1k0d3r_Windows-SignedBinary,0,0,0,一致,CodeSoftware
Neohapsis_bbqsql,0,0,0,一致,CodeSoftware
NytroRST_XSSFuzzer,0,0,0,一致,CodeSoftware
OsandaMalith_LFiFreak,0,0,0,一致,CodeSoftware
P0cL4bs_WiFi-Pumpkin,0,0,0,一致,CodeSoftware
RASSec_RASscan,0,0,0,一致,CodeSoftware
Ridter_CS_Chinese_support,0,0,0,一致,CodeSoftware
Ridter_CVE-2017-11882,0,0,0,一致,CodeSoftware
Ridter_Mailget,0,0,0,一致,CodeSoftware
Ridter_MyJSRat,0,0,0,一致,CodeSoftware
SECFORCE_Tunna,0,0,0,一致,CodeSoftware
SYWorks_waidps,0,0,0,一致,CodeSoftware
Saferman_cupper,0,0,0,一致,CodeSoftware
SpiderLabs_scavenger,0,0,0,一致,CodeSoftware
Te-k_harpoon,0,0,0,一致,CodeSoftware
TheRook_subbrute,0,0,0,一致,CodeSoftware
TryCatchHCF_Cloakify,0,0,0,一致,CodeSoftware
Tuhinshubhra_CMSeeK,0,0,0,一致,CodeSoftware
Turr0n_firebase,0,0,0,一致,CodeSoftware
UltimateHackers_Arjun,0,0,0,一致,CodeSoftware
UltimateHackers_AwesomeXSS,0,0,0,一致,CodeSoftware
UltimateHackers_Blazy,0,0,0,一致,CodeSoftware
UltimateHackers_Breacher,0,0,0,一致,CodeSoftware
UltimateHackers_JShell,0,0,0,一致,CodeSoftware
UltimateHackers_Striker,0,0,0,一致,CodeSoftware
UltimateHackers_XSStrike,0,0,0,一致,CodeSoftware
UltimateHackers_sqlmate,0,0,0,一致,CodeSoftware
Umbrellazc_BypassCampusNet,0,0,0,一致,CodeSoftware
UnkL4b_GitMiner,0,0,0,一致,CodeSoftware
Viralmaniar_Passhunt,0,0,0,一致,CodeSoftware
WazeHell_metateta,0,0,0,一致,CodeSoftware
We5ter_GSDF,0,0,0,一致,CodeSoftware
WiPi-Hunter_PiSavar,0,0,0,一致,CodeSoftware
WyAtu_CVE-2018-20250,0,0,0,一致,CodeSoftware
WyAtu_CVE-2018-8581,0,0,0,一致,CodeSoftware
Xyntax_BingC,0,0,0,一致,CodeSoftware
Xyntax_FileSensor,0,0,0,一致,CodeSoftware
Xyntax_POC-T,0,0,0,一致,CodeSoftware
abaykan_crawlbox,0,0,0,一致,CodeSoftware
aboul3la_Sublist3r,0,0,0,一致,CodeSoftware
ahhh_Reverse_DNS_Shell,0,0,0,一致,CodeSoftware
aipengjie_sensitivefilescan,0,0,0,一致,CodeSoftware
audibleblink_doxycannon,0,0,0,一致,CodeSoftware
azizaltuntas_Camelishing,0,0,0,一致,CodeSoftware
belane_linux-soft-exploit-suggester,0,0,0,一致,CodeSoftware
besimaltnok_PiFinger,0,0,0,一致,CodeSoftware
bit4woo_Teemo,0,0,0,一致,CodeSoftware
blacknbunny_libSSH-Authentication-Bypass,0,0,0,一致,CodeSoftware
blackye_BkScanner,0,0,0,一致,CodeSoftware
blackye_Jenkins,0,0,0,一致,CodeSoftware
boy-hack_gwhatweb,0,0,0,一致,CodeSoftware
boy-hack_w9scan,0,0,0,一致,CodeSoftware
brannondorsey_PassGAN,0,0,0,一致,CodeSoftware
byt3bl33d3r_gcat,0,0,0,一致,CodeSoftware
chenjiandongx_async-proxy-pool,0,0,0,一致,CodeSoftware
chenjj_CORScanner,0,0,0,一致,CodeSoftware
chrismaddalena_ODIN,0,0,0,一致,CodeSoftware
christophetd_CloudFlair,0,0,0,一致,CodeSoftware
chuhades_xss_scan,0,0,0,一致,CodeSoftware
cls1991_ng,0,0,0,一致,CodeSoftware
code-scan_BroDomain,0,0,0,一致,CodeSoftware
code-scan_dzscan,0,0,0,一致,CodeSoftware
codewatchorg_sqlipy,0,0,0,一致,CodeSoftware
dafthack_MailSniper,0,0,0,一致,CodeSoftware
deadPix3l_CryptSky,0,0,0,一致,CodeSoftware
decoder-it_lonelypotato,0,0,0,一致,CodeSoftware
deepzec_Bad-Pdf,0,0,0,一致,CodeSoftware
deepzec_Grok-backdoor,0,0,0,一致,CodeSoftware
deibit_cansina,0,0,0,一致,CodeSoftware
destine21_ZIPFileRaider,0,0,0,一致,CodeSoftware
dienuet_crossdomain,0,0,0,一致,CodeSoftware
eldraco_domain_analyzer,0,0,0,一致,CodeSoftware
enigma0x3_Generate-Macro,0,0,0,一致,CodeSoftware
euphrat1ca_polar-scan,0,0,0,一致,CodeSoftware
ezelf_CVE-2018-9995_dvr_credentials,0,0,0,一致,CodeSoftware
fbkcs_msf-elf-in-memory-execution,0,0,0,一致,CodeSoftware
fireeye_GeoLogonalyzer,0,0,0,一致,CodeSoftware
fnk0c_cangibrina,0,0,0,一致,CodeSoftware
ggusoft_inforfinder,0,0,0,一致,CodeSoftware
grayddq_PublicMonitors,0,0,0,一致,CodeSoftware
grayddq_PublicSecScan,0,0,0,一致,CodeSoftware
guelfoweb_knock,0,0,0,一致,CodeSoftware
gunnerstahl_JQShell,0,0,0,一致,CodeSoftware
haccer_tweep,0,0,0,一致,CodeSoftware
hausec_ADAPE-Script,0,0,0,一致,CodeSoftware
he1m4n6a_btScan,0,0,0,一致,CodeSoftware
hlldz_SpookFlare,0,0,0,一致,CodeSoftware
hvqzao_liffy,0,0,0,一致,CodeSoftware
immunIT_drupwn,0,0,0,一致,CodeSoftware
infosecn1nja_Red-Teaming-Toolkit,0,0,0,一致,CodeSoftware
infosecn1nja_e2modrewrite,0,0,0,一致,CodeSoftware
initstring_linkedin2username,0,0,0,一致,CodeSoftware
islamadel_bat2exe,0,0,0,一致,CodeSoftware
ismailtasdelen_xss-payload-list,0,0,0,一致,CodeSoftware
jcesarstef_dotdotslash,0,0,0,一致,CodeSoftware
jekyc_wig,0,0,0,一致,CodeSoftware
jiangsir404_S7scan,0,0,0,一致,CodeSoftware
joaomatosf_jexboss,0,0,0,一致,CodeSoftware
jonluca_Anubis,0,0,0,一致,CodeSoftware
jordanpotti_AWSBucketDump,0,0,0,一致,CodeSoftware
jpiechowka_zip-shotgun,0,0,0,一致,CodeSoftware
k4mpr3t_b4tm4n,0,0,0,一致,CodeSoftware
khr0x40sh_MacroShop,0,0,0,一致,CodeSoftware
knownsec_rtcp,0,0,0,一致,CodeSoftware
laramies_theHarvester,0,0,0,一致,CodeSoftware
le4f_dnsmaper,0,0,0,一致,CodeSoftware
leapsecurity_libssh-scanner,0,0,0,一致,CodeSoftware
leisurelicht_Pocsuite3,0,0,0,一致,CodeSoftware
lijiejie_BBScan,0,0,0,一致,CodeSoftware
lijiejie_GitHack,0,0,0,一致,CodeSoftware
lijiejie_IIS_shortname_Scanner,0,0,0,一致,CodeSoftware
lijiejie_htpwdScan,0,0,0,一致,CodeSoftware
lijiejie_struts2_045_scan,0,0,0,一致,CodeSoftware
lijiejie_subDomainsBrute,0,0,0,一致,CodeSoftware
m3liot_shcheck,0,0,0,一致,CodeSoftware
m4n3dw0lf_PytheM,0,0,0,一致,CodeSoftware
m8r0wn_enumdb,0,0,0,一致,CodeSoftware
mandatoryprogrammer_cloudflare_enum,0,0,0,一致,CodeSoftware
maurosoria_dirsearch,0,0,0,一致,CodeSoftware
mehulj94_Radium-Keylogger,0,0,0,一致,CodeSoftware
metac0rtex_GitHarvester,0,0,0,一致,CodeSoftware
mhaskar_Linux-Root-Kit,0,0,0,一致,CodeSoftware
missDronio_blindy,0,0,0,一致,CodeSoftware
modzero_interestingFileScanner,0,0,0,一致,CodeSoftware
mschwager_0wned,0,0,0,一致,CodeSoftware
mthbernardes_sshLooter,0,0,0,一致,CodeSoftware
mwrlabs_wePWNise,0,0,0,一致,CodeSoftware
mzet-_linux-exploit-suggester,0,0,0,一致,CodeSoftware
n00py_Hwacha,0,0,0,一致,CodeSoftware
n4xh4ck5_CMSsc4n,0,0,0,一致,CodeSoftware
n4xh4ck5_N4xD0rk,0,0,0,一致,CodeSoftware
needmorecowbell_sniff-paste,0,0,0,一致,CodeSoftware
nettitude_Invoke-PowerThIEf,0,0,0,一致,CodeSoftware
nmalcolm_Inventus,0,0,0,一致,CodeSoftware
peewpw_Invoke-PSImage,0,0,0,一致,CodeSoftware
pyn3rd_CVE-2018-3245,0,0,0,一致,CodeSoftware
qiyeboy_BaseProxy,0,0,0,一致,CodeSoftware
rasta-mouse_Sherlock,0,0,0,一致,CodeSoftware
rebeyond_Behinder,0,0,0,一致,CodeSoftware
reconned_domained,0,0,0,一致,CodeSoftware
repoog_GitPrey,0,0,0,一致,CodeSoftware
rudSarkar_crlf-injector,0,0,0,一致,CodeSoftware
s0md3v_Hash-Buster,0,0,0,一致,CodeSoftware
s0md3v_ReconDog,0,0,0,一致,CodeSoftware
s1kr10s_Apache-Struts-v3,0,0,0,一致,CodeSoftware
se55i0n_Awvs_Nessus_Scanner_API,0,0,0,一致,CodeSoftware
se55i0n_DBScanner,0,0,0,一致,CodeSoftware
se55i0n_PortScanner,0,0,0,一致,CodeSoftware
secfree_bcrpscan,0,0,0,一致,CodeSoftware
secretsquirrel_SigThief,0,0,0,一致,CodeSoftware
sensepost_DET,0,0,0,一致,CodeSoftware
sensepost_reGeorg,0,0,0,一致,CodeSoftware
shengqi158_svnhack,0,0,0,一致,CodeSoftware
shengqi158_weak_password_detect,0,0,0,一致,CodeSoftware
shogunlab_shuriken,0,0,0,一致,CodeSoftware
skavngr_rapidscan,0,0,0,一致,CodeSoftware
smgorelik_Windows-RCE-exploits,0,0,0,一致,CodeSoftware
snoopysecurity_awesome-burp-extensions,0,0,0,一致,CodeSoftware
sowish_LNScan,0,0,0,一致,CodeSoftware
stamparm_DSSS,0,0,0,一致,CodeSoftware
stamparm_DSXS,0,0,0,一致,CodeSoftware
stampery_mongoaudit,0,0,0,一致,CodeSoftware
stuhirst_awssecurity,0,0,0,一致,CodeSoftware
swisskyrepo_SSRFmap,0,0,0,一致,CodeSoftware
swisskyrepo_Wordpresscan,0,0,0,一致,CodeSoftware
tezukanice_Office8570,0,0,0,一致,CodeSoftware
theLSA_s2sniper,0,0,0,一致,CodeSoftware
threatexpress_cs2modrewrite,0,0,0,一致,CodeSoftware
threatexpress_domainhunter,0,0,0,一致,CodeSoftware
threatexpress_malleable-c2,0,0,0,一致,CodeSoftware
ticarpi_jwt_tool,0,0,0,一致,CodeSoftware
tijme_angularjs-csti-scanner,0,0,0,一致,CodeSoftware
toolswatch_blackhat-arsenal-tools,0,0,0,一致,CodeSoftware
trustedsec_nps_payload,0,0,0,一致,CodeSoftware
tulpar_tulpar,0,0,0,一致,CodeSoftware
ultrasecurity_webkiller,0,0,0,一致,CodeSoftware
utiso_dorkbot,0,0,0,一致,CodeSoftware
verctor_CS_xor64,0,0,0,一致,CodeSoftware
vulnersCom_getsploit,0,0,0,一致,CodeSoftware
vulnersCom_nmap-vulners,0,0,0,一致,CodeSoftware
vysec_DomLink,0,0,0,一致,CodeSoftware
woj-ciech_Danger-zone,0,0,0,一致,CodeSoftware
wonderqs_Blade,0,0,0,一致,CodeSoftware
wso-shell_WSO,0,0,0,一致,CodeSoftware
x0day_Multisearch-v2,0,0,0,一致,CodeSoftware
x0day_bannerscan,0,0,0,一致,CodeSoftware
yanxiu0614_subdomain3,0,0,0,一致,CodeSoftware
yassineaboukir_Asnlookup,0,0,0,一致,CodeSoftware
yassineaboukir_CVE-2018-0296,0,0,0,一致,CodeSoftware
youngyangyang04_NoSQLAttack,0,0,0,一致,CodeSoftware
ywolf_F-NAScan,0,0,0,一致,CodeSoftware
zer0h_httpscan,0,0,0,一致,CodeSoftware
zerokeeper_WebEye,0,0,0,一致,CodeSoftware
ztgrace_changeme,0,0,0,一致,CodeSoftware
